uuid,total_duration,A_speak_num,A_speak_duration_mean,A_speak_duration_std,B_speak_num,B_speak_duration_mean,B_speak_duration_std,A_speak_duration_proportion,B_speak_duration_proportion,slience_duration_proportion,silence_counts_proportion
P0001_0017,149.18,40.0,1.3911484375000005,1.1324714465544465,9.0,0.959458333333332,0.7264765412861334,0.373012049202306,0.05788393216248819,0.4933235018098939,0.5050505050505051
P0004_0025,94.79,17.0,2.22727205882353,2.104039816121082,25.0,1.5974775000000005,1.2753204784984853,0.39944746281253307,0.42132015507964987,0.0,0.0
P0009_0031,115.0206875,34.0,0.9700128676470593,0.7467424604693729,27.0,1.71849074074074,1.1407428609686205,0.28673483194055865,0.40339917112736773,0.2620028679623393,0.32967032967032966
P0013_0043,106.689375,15.0,1.9913166666666668,1.672828206984162,19.0,1.9408815789473692,1.5041815885246013,0.27996930341001625,0.3456459464684278,0.0,0.0
P0014_0046,98.449375,21.0,1.4869464285714276,1.3858797639165825,10.0,1.0823312500000006,0.45293832366383013,0.3171769754759741,0.10993784876745034,0.0,0.0
P0016_0050,111.1705625,18.0,1.931604166666668,1.7118660250392916,23.0,1.3782907608695631,0.5645374529006206,0.3127525328478933,0.28515361249521387,0.0,0.0
P0019_0055,59.4936875,15.0,1.0284041666666675,0.7361733682782907,17.0,1.074389705882353,0.4326809826858965,0.259289063230448,0.30700105788534293,0.0,0.0
P0020_0056,118.01375,19.0,1.7570493421052646,1.5762258943849867,24.0,1.3629296874999979,0.5372324107401063,0.282881761659129,0.27717374034805226,0.0,0.0
P0021_0054,74.2680625,22.0,1.2835397727272726,1.0919008664082295,25.0,1.6307950000000004,1.2545355040406143,0.3802155872855845,0.5489556833396592,0.006373870329524226,0.020833333333333332
P0023_0044,91.0645,16.0,2.108800781249999,2.0330320921259286,10.0,1.684525000000002,1.4952147784450782,0.3705155411823486,0.18498152408457766,0.0,0.0
P0025_0061,130.2726875,25.0,1.5548649999999988,0.9668893666919076,22.0,1.488593750000001,0.9166720769760528,0.29838660540414486,0.251388553721209,0.44466103073217095,0.3815789473684211
P0026_0062,61.696000000000005,21.0,1.4076964285714288,1.053387011413532,18.0,1.244145833333334,1.0347410401741042,0.47914978280601667,0.36298341869813294,0.1397497406639001,0.23529411764705882
P0028_0076,207.93599999999998,31.0,1.8428810483870957,1.2029279767633227,44.0,1.6201036931818187,0.8021467591011479,0.2747446930786394,0.34281972578100967,0.36380003943521094,0.38524590163934425
P0030_0080,186.18,38.0,1.5191973684210538,1.2494337846423573,30.0,1.1877729166666653,0.7806287831006555,0.31007358470297586,0.19139105972714554,0.49853535556987866,0.3761467889908257
P0031_0081,78.87925,10.0,2.3251937500000004,1.788002504263272,19.0,1.5779342105263139,0.8642196181426778,0.29477888671608826,0.38008411591134506,0.2692168726249302,0.43137254901960786
P0032_0083,134.18,30.0,1.0026895833333338,0.5438147096561458,41.0,1.603036585365853,0.877197181209446,0.22418160307050242,0.48982337159040074,0.0023848561633626492,0.013888888888888888
P0034_0084,91.6205625,30.0,1.1445166666666675,1.2707712878131596,29.0,1.108584051724137,0.4721746164085287,0.3747575769358546,0.35089216462734524,0.2674283679496074,0.3516483516483517
P0035_0085,136.4858125,27.0,1.2844999999999989,1.0351057562793728,27.0,1.3224907407407405,0.6075750207673832,0.2541033340003744,0.2616187671520803,0.0043960613122334185,0.01818181818181818
P0036_0086,70.6955625,12.0,2.2436666666666665,1.9914129103473508,10.0,2.5151375000000002,1.687686641118877,0.3808442715198709,0.3557702083493572,0.26338552013077193,0.3333333333333333
P0038_0090,114.3774375,34.0,1.1931139705882343,0.9960427274627734,27.0,1.2500972222222215,0.7102311735003598,0.3546667584679887,0.29509862904561035,0.350234612486401,0.32967032967032966
P0039_0092,114.404125,33.0,1.2450606060606064,0.7270620059656259,35.0,1.2268124999999992,0.5114204240972635,0.35913914817319753,0.37532245887112875,0.2523067896371744,0.32673267326732675
P0040_0093,88.70162499999999,18.0,1.4043298611111115,1.169524030181369,14.0,1.3826696428571421,0.6972992566053425,0.2849771636088968,0.2182302184430104,0.4967926179480928,0.39622641509433965
P0041_0096,115.78031250000001,9.0,1.2534027777777783,1.0829290643929284,24.0,0.8524817708333324,0.30716281690118974,0.0974312882425499,0.17671020278166877,0.5151912161232077,0.43103448275862066
P0042_0099,208.44799999999998,16.0,1.4063320312499994,1.345917528723193,37.0,1.2154189189189206,0.9237288680516932,0.1079468860339269,0.21573965689284652,0.6763134570732265,0.4536082474226804
P0043_0098,129.476,34.0,1.0255937499999996,0.9029222256173199,37.0,2.1571317567567574,1.6548046945818173,0.26931776931632107,0.6164376023355682,0.08125781998208169,0.22580645161290322
P0044_0100,92.15,11.0,1.1546079545454544,1.5588248057658767,24.0,1.8756875000000008,1.3616486484331758,0.13782623440043404,0.4885132935431364,0.37366047205642955,0.36363636363636365
P0045_0103,83.7,13.0,1.3986826923076925,1.2827230600828006,12.0,1.5553854166666659,0.8248201804862134,0.21723864994026287,0.2229943249701313,0.5597670250896057,0.45652173913043476
P0049_0109,76.1850625,20.0,0.7980812500000009,0.8884761091357115,21.0,1.5067559523809524,0.7582291635224289,0.2095112148789012,0.4153291204558637,0.32162882979849206,0.25
P0050_0114,85.065875,16.0,1.6415859375,1.5130104613600308,17.0,2.203573529411766,1.7490309790960101,0.3087651187976377,0.44037341648457756,0.22651415741035977,0.175
P0051_0115,51.936125000000004,17.0,0.9316323529411754,0.6540049144809315,17.0,1.5252904411764714,0.7954090977501926,0.30494670135671426,0.4992659252110166,0.1522783996688243,0.15
P0052_0113,84.73168749999999,12.0,1.2379999999999993,1.2794245527109227,20.0,1.5513999999999997,1.012115479981944,0.17532992010810586,0.36619121978421587,0.3762391136137825,0.41818181818181815
P0053_0117,104.0959375,21.0,1.150074404761904,0.7516617833639948,29.0,1.427987068965518,1.0522128552170216,0.23201253651229167,0.39782172094852425,0.34831090310320717,0.3013698630136986
P0054_0118,104.0084375,19.0,1.39777302631579,1.4861177544616355,19.0,1.975069078947369,0.8284420865413138,0.2553416639875972,0.360800656196763,0.3428730241236436,0.3333333333333333
P0057_0123,103.39025,16.0,1.4726601562500015,1.0856547196490343,19.0,1.5863618421052632,1.2147976764805457,0.22789926999886376,0.29152531307352486,0.4805754169276114,0.43548387096774194
P0058_0122,290.459875,12.0,1.3371770833333327,1.0120505739478725,17.0,2.1305551470588235,1.3472062690575144,0.05524386113572483,0.12469687078120514,0.7696979660271491,0.42
P0059_0119,126.3499375,34.0,1.071860294117646,0.9101498313187406,23.0,1.4636929347826098,0.9385476604342579,0.28843108846017407,0.26644205898400247,0.44512685255582346,0.3372093023255814
P0060_0126,140.8,29.0,0.9583857758620684,0.8883633140835007,35.0,1.6723892857142855,0.9658390528844223,0.19739479758522716,0.415721768465909,0.3868834339488638,0.23809523809523808
P0061_0124,129.408,21.0,1.5941934523809533,1.3650698549697633,14.0,0.9461696428571419,0.23363941546639336,0.2587016451842237,0.10236133005687428,0.6389370247589019,0.38596491228070173
P0062_0125,77.41,29.0,0.7571379310344838,0.6712609952667793,31.0,1.1082338709677406,0.6957311249101075,0.28364552383413033,0.443808939413512,0.15142261981656102,0.1891891891891892
P0063_0130,143.9645625,23.0,1.8330760869565208,1.4086067753527924,22.0,1.7636562500000013,0.9697936539830543,0.2928550559100263,0.2695138083026511,0.4376311357873226,0.3076923076923077
P0068_0166,164.4975,42.0,1.0685208333333358,1.1937072304835643,39.0,1.7300817307692307,0.8848150827749107,0.272817975957082,0.4101775862855058,0.0,0.0
P0069_0165,133.4376875,34.0,1.3849117647058822,1.1235122521825762,36.0,1.165206597222222,0.8143369212974861,0.3528763191433454,0.3143597456303339,0.0,0.0
P0078_0176,78.41687499999999,23.0,1.236296195652173,1.6466719582461948,19.0,1.6879144736842115,1.2394194850064264,0.3626108857309091,0.4089728773302943,0.0,0.0
P0081_0183,106.9695625,16.0,1.3973749999999998,1.1317281581538623,20.0,2.0193937500000003,1.216981202637911,0.20901272733540438,0.37756417859519625,0.0,0.0
P0084_0187,70.989375,21.0,1.2649196428571416,1.2257610521986138,20.0,1.6436687500000005,0.8425002242844848,0.3741871582895324,0.4630745798226849,0.0,0.0
P0086_0193,61.901875,8.0,1.8783515625000007,1.2841858571789584,13.0,2.775514423076923,2.179353587050946,0.24275213796027997,0.5828852114738043,0.0,0.0
P0089_0192,81.664,6.0,3.2293541666666683,1.4916905754601604,18.0,2.4320972222222204,1.2056283071460414,0.23726642094435746,0.5360715860109714,0.0,0.0
P0090_0194,115.28475,20.0,2.1419843750000003,2.2378210703808983,16.0,1.3946953124999997,1.0867987235729983,0.37159891052372496,0.1935652807504895,0.0,0.0
P0093_0200,54.811625,16.0,1.62373828125,1.4883193440608093,16.0,1.4612656249999998,1.0792454575081998,0.47398362117525256,0.4265564102505627,0.0,0.0
P0094_0201,81.3614375,19.0,1.5225921052631575,1.3836259442609935,14.0,3.0048839285714273,1.8835848491449945,0.35556463711693875,0.5170554539427844,0.0,0.0
P0096_0205,98.14375,25.0,1.3629999999999998,1.258531505676855,30.0,1.3858541666666662,0.8542406397916783,0.3471948035407247,0.4236196905049989,0.006428071069222475,0.017857142857142856
P0099_0206,76.375625,19.0,1.489036184210528,1.7257296312341917,21.0,1.4134107142857126,1.0357768965950582,0.37042822890156424,0.3886269343131394,0.019028485855271223,0.047619047619047616
P0102_0212,73.28,17.0,1.8942132352941186,1.7302902838360152,20.0,1.7787781249999994,1.4860674947254324,0.4394326555676858,0.4854743790938863,0.0,0.0
P0103_0211,173.18400000000003,30.0,1.9850958333333326,1.5539723598008885,38.0,1.1456266447368428,0.6810663266665082,0.34387053653917204,0.2513731782381745,0.0,0.0
P0105_0215,113.46325,19.0,2.0071677631578932,1.4733496006025726,7.0,2.4730357142857122,1.1952192571786349,0.3361104807063077,0.15257142731236753,0.0,0.0
P0106_0217,85.47725,22.0,1.9500198863636362,1.7756941321109823,21.0,1.627800595238096,1.117200148638018,0.5018930475652877,0.3999170832005009,0.0,0.0
P0108_0216,81.06506250000001,19.0,1.8427565789473683,1.7392336789186411,15.0,1.8189666666666644,0.8078674511106325,0.4319046198231204,0.3365753279965702,0.0,0.0
P0109_0218,65.19575,17.0,1.8543419117647064,1.8369536851445218,16.0,1.7183320312500001,1.0129495829832882,0.4835255749032722,0.421704060464064,0.0,0.0
P0110_0222,137.3728125,34.0,1.862556985294118,1.204381130899899,19.0,1.8065953947368434,0.8019109507314178,0.4609859574652008,0.24986976589709134,0.0,0.0
P0111_0220,123.52,24.0,1.3873854166666673,1.1307548672721248,19.0,2.098450657894737,1.6123549012262235,0.2695697053108809,0.3227862896696892,0.0,0.0
P0112_0011,59.0088125,14.0,1.121852678571429,1.6852425234204946,16.0,1.3755390625000001,0.41003585899779776,0.26616257529330906,0.37297183365620185,0.0,0.0
P0118_0230,65.28093750000001,8.0,1.7599843749999988,1.5809086837834927,16.0,1.728316406250001,0.8376715702583802,0.21568126223677453,0.4236008788936282,0.0,0.0
P0119_0240,77.2293125,18.0,1.329038194444445,1.4428869135467333,18.0,2.8152222222222214,1.632831794105288,0.3097617565869178,0.6561498265312148,0.0,0.0
P0120_0237,75.122875,22.0,1.5281903409090902,1.3960689380242823,15.0,1.621754166666666,1.0706952077687606,0.44753595359602505,0.32382030772917025,0.0,0.0
P0124_0246,96.375,21.0,1.4536845238095235,1.1739225233425798,15.0,1.503029166666667,0.9042627425845263,0.3167561608300907,0.2339345006485085,0.0,0.0
P0127_0249,74.99262499999999,14.0,1.7701116071428575,1.530888963752135,12.0,1.8020052083333329,1.5032328184867174,0.330453327910578,0.28834918767012085,0.0,0.0
P0130_0250,74.4713125,20.0,1.7222000000000015,1.802099708682318,19.0,1.7339473684210507,1.577505241514771,0.46251366927365534,0.44238511305947464,0.0,0.0
P0136_0260,70.52737499999999,23.0,1.3799619565217376,1.2208657370856748,23.0,1.3985706521739147,0.9088558316329958,0.4500256106228251,0.45609417619754095,0.0,0.0
P0139_0106,116.1901875,30.0,1.9563083333333324,1.5535054535523687,31.0,1.7544475806451614,1.1162405742296113,0.5051136525620976,0.4680935298430429,0.0,0.0
P0143_0265,76.0654375,14.0,1.3859241071428556,1.318231405546406,13.0,2.7584903846153854,1.4644360342252376,0.2550821784203894,0.47144111936515204,0.0,0.0
P0145_0269,179.067625,30.0,1.6493541666666658,1.562897039756166,35.0,1.5123464285714288,1.138089359819151,0.27632367939207314,0.2955985203913885,0.0,0.0
P0148_0273,177.43625,48.0,1.9383164062499985,1.3217117663289417,34.0,1.1976213235294129,0.8013445525129209,0.5243527604984884,0.22948594213414697,0.0,0.0
P0151_0277,220.422,48.0,2.3590651041666653,1.299114573287379,27.0,1.014935185185185,0.7122024778358642,0.5137197058369851,0.12432175554164285,0.0022147857291922282,0.012987012987012988
P0154_0278,107.259875,28.0,1.5201272321428572,1.2159681513053904,24.0,1.6929635416666666,1.1541840906255896,0.396826515973471,0.378810109558677,0.03282390082964397,0.018867924528301886
P0156_0282,79.7088125,17.0,1.6026433823529425,1.4047614411095137,20.0,2.202468749999999,1.632306929158428,0.341805838595325,0.5526286695087822,0.0,0.0
P0157_0283,167.580125,34.0,1.7211985294117649,1.1863826323527116,32.0,2.1127851562499993,1.4122228792473712,0.3492105642002594,0.4034435766174537,0.0,0.0
P0159_0289,88.596875,20.0,1.7740562499999988,1.526693804809299,16.0,1.475382812500001,0.6970815997469216,0.4004782900074069,0.2664442171351982,0.0,0.0
P0160_0287,48.248625,9.0,2.000493055555556,1.6435778015329359,13.0,1.4053798076923072,0.3869593678718918,0.37315959781237296,0.3786623452999955,0.0,0.0
P0161_0288,76.96543750000001,14.0,1.370379464285715,1.2787070128368172,19.0,1.525371710526316,1.286918256934752,0.2492717916402412,0.3765594459201249,0.0,0.0
P0163_0286,84.204,13.0,1.6022403846153839,1.483292316302813,22.0,1.920144886363636,1.0032544324571548,0.24736503016483768,0.5016767315091919,0.0,0.0
P0166_0293,88.76725,19.0,2.0291282894736837,1.7127594196595954,19.0,2.0876611842105266,1.288176971483066,0.4343205123511203,0.44684906313984046,0.0,0.0
P0167_0294,95.34375,19.0,2.0433453947368436,1.5481501616131945,20.0,1.8489906250000008,1.1967291403624634,0.4071956735496562,0.38785775155686675,0.0,0.0
P0168_0099,205.362625,35.0,1.2880928571428574,1.224970821453536,60.0,1.9169604166666674,1.3206028977334343,0.21952996559135338,0.5600708746296948,0.0,0.0
P0169_0295,135.01068750000002,31.0,2.118233870967741,1.2449157957602053,22.0,0.8660284090909101,0.5449297996124651,0.4863707549078288,0.14111938360435367,0.0,0.0
P0170_0296,127.59375,30.0,1.4618937500000004,1.1278517035888436,28.0,1.9129598214285721,1.5250718796825875,0.3437222630418811,0.4197923095762921,0.0,0.0
P0171_0297,123.4021875,23.0,1.8287880434782615,1.157811603597236,21.0,1.7377470238095238,1.1486434792282207,0.3408539658180696,0.2957215608515854,0.0,0.0
P0173_0299,126.2418125,18.0,1.809357638888889,1.6785641328719971,26.0,2.32333173076923,1.5647797793109377,0.2579845524635509,0.4784993482250581,0.0,0.0
P0176_0301,73.7685,19.0,1.2072105263157897,1.0099038406959768,17.0,1.5706617647058816,0.7614417054061653,0.31093217294644737,0.3619600506991465,0.0,0.0
P0180_0309,108.96875,19.0,1.6268289473684228,1.5054997592510873,19.0,2.611953947368419,1.6627877529849107,0.28365701175795843,0.4554252939489529,0.0,0.0
P0182_0310,106.40593750000001,22.0,1.8476221590909092,1.5065266074903454,21.0,1.5283839285714287,0.891450162105462,0.38200582086878376,0.3016378902728055,0.0,0.0
P0187_0319,161.2205625,30.0,1.2788020833333347,1.313025810837496,39.0,2.095634615384614,1.351833951333328,0.2379601082213073,0.5069437094911509,0.0,0.0
P0189_0052,184.177875,31.0,1.6363750000000006,1.316329708036867,32.0,1.9602187500000006,1.0398797338572847,0.2754273552129973,0.34057836751564224,0.0020879950971308962,0.015625
P0192_0324,154.0905,38.0,1.4809029605263155,1.2203305712228547,41.0,1.19891006097561,0.6408340351108084,0.36520299758907915,0.31900287493388635,0.0,0.0
P0193_0323,117.320875,21.0,1.7993125000000005,1.3268371171876656,16.0,1.242730468749999,0.5662179731187276,0.32207024112290344,0.16948124108348137,0.0,0.0
P0195_0326,179.054625,39.0,2.3464423076923078,1.5637259388915619,35.0,2.0798625,1.3424473187884984,0.5110800684428007,0.40655295835000077,0.0,0.0
P0197_0330,86.434375,20.0,1.4569999999999987,1.3447104190195511,18.0,1.523718750000001,0.8020714840686366,0.33713438663726064,0.3173151596225462,0.0,0.0
P0198_0328,102.99600000000001,14.0,1.4935491071428584,1.4993596279670545,14.0,2.316544642857143,1.147180701352507,0.20301455881781832,0.3148823740727795,0.0,0.0
P0200_0334,91.25,20.0,1.2294937500000003,1.0573143479137495,19.0,2.4399934210526304,1.6014431906636784,0.2694780821917809,0.508053424657534,0.0,0.0
P0201_0335,144.1320625,29.0,1.5108900862068955,1.3447628225865433,25.0,1.7518025000000006,1.0077667587617207,0.3039976792117297,0.303853714020085,0.0,0.0
P0202_0336,156.4125625,34.0,1.9892463235294127,1.1330276074181431,31.0,1.1429173387096758,0.6860586537628474,0.43241012051062094,0.2265191294976703,0.0,0.0
P0203_0339,103.25931250000001,13.0,1.5960817307692303,1.4708096618693791,19.0,1.7018388157894753,1.1115409449374667,0.20094131945726437,0.31314306397304387,0.0,0.0
P0205_0340,89.36275,17.0,1.4707647058823543,1.3066241815163784,19.0,2.9264013157894726,1.693643655860455,0.27979219529390065,0.6222013646625688,0.0,0.0
P0207_0345,106.33056250000001,12.0,1.9364166666666696,1.8176634166977974,21.0,2.531833333333333,1.2488922867406178,0.21853547516030522,0.5000302711649812,0.0,0.0
P0208_0344,67.025375,15.0,1.6524166666666653,1.3829615766427648,19.0,1.564447368421053,1.0725717336440184,0.36980397349511257,0.44348129346534815,0.0,0.0
P0210_0343,94.9541875,17.0,1.4709485294117641,1.2273974541153319,24.0,2.0073098958333344,1.0718063423123185,0.26334936518729085,0.5073545334691009,0.0,0.0
P0211_0348,135.345375,26.0,1.3677980769230778,1.6141526869099627,34.0,1.675198529411764,1.0297436235648139,0.26275556146635987,0.4208252406112878,0.0,0.0
P0213_0347,88.5585625,23.0,1.2259673913043456,1.459280253259501,30.0,1.793150000000001,1.364756042542888,0.31840230017283705,0.607445496871068,0.0,0.0
P0215_0351,143.631875,32.0,2.200023437499999,1.5118282829056515,30.0,1.4014416666666685,1.1112370896099133,0.4901471208949961,0.2927153182397713,0.009192336311142683,0.015873015873015872
P0217_0080,131.00424999999998,33.0,1.9350852272727261,1.3190187051130227,30.0,1.492158333333335,0.8524888340691867,0.4874484033914928,0.34170456301990243,0.0,0.0
P0218_0355,99.8454375,21.0,1.5629851190476185,1.5223754673649574,24.0,1.804403645833333,1.1651798010362695,0.32873497599727564,0.4337272546880271,0.0,0.0
P0219_0101,87.42349999999999,22.0,1.8359545454545445,1.5164935717120038,19.0,1.3664078947368423,0.9030344945443588,0.46201536200220744,0.29696534684609976,0.0,0.0
P0222_0361,87.2720625,22.0,1.142326704545455,1.3740142644846793,26.0,1.9531466346153847,1.2601208531999903,0.287963716911125,0.5818793671800755,0.0,0.0
P0224_0364,67.119625,16.0,1.55462109375,1.346209986342203,16.0,1.5888671874999996,1.3964480174929157,0.3705911274087124,0.3787547233763596,0.016199621198717953,0.030303030303030304
P0225_0365,74.2283125,15.0,1.2021250000000012,1.51265913400606,18.0,2.777395833333333,2.138539239000848,0.2429244905708993,0.673504803170623,0.0,0.0
P0229_0375,75.6146875,17.0,1.4185514705882358,1.642722921194568,16.0,1.3768124999999998,0.580266654758827,0.3189244814375515,0.2913322891138047,0.0,0.0
P0232_0098,86.50356249999999,19.0,0.9964769736842087,1.2869164560821822,26.0,2.301507211538461,1.5853297385054195,0.2188703210922668,0.6917540245813575,0.0,0.0
P0238_0384,88.0539375,23.0,1.2277228260869564,1.3636365941653092,22.0,1.5959857954545456,0.8047748090479755,0.32068554572020125,0.3987520433143606,0.0,0.0
P0242_0388,78.51775,21.0,1.177181547619048,1.4457183307130306,25.0,1.0798924999999997,0.5517482576480949,0.3148436181627721,0.34383706232030326,0.0,0.0
P0246_0394,66.4610625,16.0,1.287671875,0.9604650106686606,16.0,1.9597851562499995,1.7677529337776696,0.3099973010512735,0.4718035090095045,0.0,0.0
P0250_0398,198.42425,31.0,1.7654858870967745,1.4736155252747039,48.0,1.5574127604166668,1.132530108913817,0.2758234565583592,0.37674736076865606,0.0,0.0
P0251_0401,125.7011875,29.0,1.2300517241379318,1.1059204769343602,37.0,1.53852027027027,1.0235137258566378,0.2837801353308617,0.45286167244840064,0.0,0.0
P0256_0408,235.79325,53.0,1.7663195754716983,1.248053471830728,52.0,1.104424278846154,0.6016944205792579,0.3970212781748418,0.24356109642663648,0.0,0.0
P0257_0412,117.81700000000001,26.0,2.54208173076923,1.1509925049670768,23.0,1.2767907608695659,0.8119520303860169,0.5609897128597738,0.2492525484437731,0.0,0.0
P0258_0411,129.065875,34.0,1.0814466911764715,0.9676441579495584,39.0,1.555567307692307,0.8652793799121261,0.28488698116368893,0.4700477566204078,0.006991100474854471,0.02666666666666667
P0260_0047,91.684875,30.0,0.9142708333333334,1.1852422671212983,34.0,1.2747996323529411,1.0220907251651434,0.29915648573442455,0.47274086920007247,0.0,0.0
P0262_0416,62.7,20.0,1.1359843750000003,1.1481442578311785,20.0,1.4235812499999998,0.7078943886637646,0.3623554625199363,0.4540929027113237,0.0,0.0
P0265_0419,58.039125,15.0,1.0461249999999989,1.604472560024177,18.0,1.6471354166666667,0.8219173222859538,0.27036718765143314,0.5108353632140388,0.0,0.0
P0268_0421,86.447875,15.0,1.1635125000000008,1.4005396708166635,17.0,1.6738124999999997,1.204858695074927,0.20188683064794843,0.3291557195593298,0.0,0.0
P0270_0425,189.5023125,19.0,1.3072861842105237,1.5444985339880495,29.0,1.5778642241379304,0.9653487912680696,0.13107194931987942,0.24146440165472904,0.0,0.0
P0274_0427,248.5151875,44.0,1.6944332386363647,1.1100987386517795,51.0,1.3352610294117628,0.6773623621382763,0.3000020370988395,0.27402072760643614,0.001964417164645156,0.010416666666666666
P0276_0431,218.8363125,30.0,1.8186333333333349,1.4263765919420537,30.0,1.378456249999999,0.6973355485187254,0.24931419916884245,0.18897086606684607,0.0,0.0
P0279_0441,153.4454375,30.0,2.1313041666666668,1.9742164109232718,19.0,1.0298519736842084,0.7182969952896018,0.41668964579021783,0.12751886154972814,0.0,0.0
P0282_0443,179.0824375,26.0,1.0243028846153839,1.0373316879577845,38.0,1.703777960526315,0.9773034042618014,0.1487129356277607,0.36152937945129304,0.0,0.0
P0285_0449,186.648125,30.0,1.6265104166666664,1.6382968470397241,33.0,1.5475113636363653,0.8065843213483377,0.2614294276998496,0.27360507907593534,0.0,0.0
P0288_0451,93.9471875,18.0,1.2626527777777774,1.1397345033618989,34.0,1.4817481617647048,0.8696142974867084,0.24192049389450848,0.5362527483858947,0.0,0.0
P0291_0176,50.70400000000001,10.0,1.704400000000001,1.784946156449434,10.0,1.3760874999999984,0.7180689093025437,0.33614704954244257,0.2713962409277371,0.0,0.0
P0292_0454,212.1528125,42.0,1.5383110119047645,1.1797082807076253,31.0,1.848879032258061,0.9280569145811848,0.30454021202287906,0.27016021764971837,0.0,0.0
P0295_0457,99.8158125,18.0,1.1499097222222234,1.172072007601435,21.0,2.0051964285714283,1.3921969670393204,0.2073656916833695,0.421868278635712,0.0,0.0
P0297_0460,118.7,22.0,1.3710426136363631,1.3778380089882782,34.0,1.6738253676470574,1.0286070151033126,0.2541106781802864,0.4794445029486095,0.0,0.0
P0303_0470,77.336625,21.0,1.1243511904761905,1.2856295038928442,32.0,1.3219179687499998,0.9169511767502814,0.3053065090440655,0.5469772568947765,0.0,0.0
P0305_0472,76.1896875,22.0,1.1552784090909094,1.3068674919974124,21.0,2.326919642857143,1.1195319985417695,0.33359009380370547,0.6413638656806409,0.0,0.0
P0308_0475,75.13999999999999,19.0,1.7051907894736862,1.296631220473647,19.0,1.6495986842105248,1.0968157219887233,0.4311768033005063,0.4171197098748999,0.0,0.0
P0309_0478,359.5241875,46.0,1.3736535326086972,1.2536494639337077,40.0,1.2488765625000025,0.6394832119319823,0.17575469105260147,0.13894770988113309,0.0,0.0
P0313_0486,114.83625,12.0,1.0982500000000013,0.8697684489733717,29.0,1.8614633620689653,1.113250789936334,0.11476341312085699,0.47008185568581345,0.0,0.0
P0318_0492,150.9554375,36.0,1.5800850694444426,1.2798281718123174,51.0,1.3065992647058828,0.8165014179389541,0.3768202288175273,0.44143201201347937,0.0,0.0
P0322_0504,181.925,43.0,1.1498808139534884,0.9818459984628636,50.0,1.5973199999999992,0.782170888750781,0.27178713755668543,0.4390050845128484,0.0,0.0
P0323_0503,159.34875,42.0,1.4173080357142855,1.3769143102589567,57.0,1.1345076754385965,0.6459832683296066,0.3735638811098298,0.4058201743032186,0.0,0.0
P0326_0506,124.37612499999999,33.0,1.6959583333333332,1.4205178377651067,28.0,1.5615178571428565,0.6678802744593554,0.4499788444124626,0.3515345087330867,0.0,0.0
P0330_0514,87.58,16.0,1.8402382812500009,1.600619066958082,24.0,1.7910104166666667,1.1730509357435124,0.33619333751998187,0.49079984014615213,0.0,0.0
P0331_0518,158.3900625,30.0,1.598272916666669,1.4007920518179156,40.0,1.1613765624999983,0.6903936142851651,0.30272219571856074,0.2932953101145467,0.0,0.0
P0333_0523,163.831875,26.0,1.3538076923076905,1.0696918030037728,43.0,2.0425247093023255,1.3627574647618157,0.21484830104031927,0.5360895887933895,0.0,0.0
P0334_0525,140.76,24.0,1.111927083333334,1.0943675931308117,38.0,1.726465460526316,0.9415850307219639,0.18958688547882935,0.46608189471440764,0.0,0.0
P0337_0529,165.0940625,52.0,1.607938701923076,0.8682304665225209,44.0,1.1466875000000014,0.668282496746584,0.5064556001218998,0.3056091129867257,0.00590155990618982,0.010309278350515464
P0341_0534,160.66,39.0,1.7517419871794886,1.2228003280612245,35.0,1.3512660714285691,0.6968815771159652,0.4252330231544881,0.294375155608116,0.007182092617950948,0.013333333333333334
P0343_0536,136.283,17.0,1.077400735294118,1.2507205714237806,37.0,2.218099662162163,1.5222849267148313,0.13439543083143168,0.6022004762149353,0.0,0.0
P0351_0549,136.2091875,28.0,1.9405334821428575,1.1935592038337164,9.0,1.4392500000000004,0.5353645333730567,0.3989080215312202,0.09509821061079307,0.0,0.0
P0353_0552,102.8249375,30.0,1.1225958333333332,1.4201151467752797,36.0,1.7235156249999997,1.1523350135988435,0.3275263357198734,0.6034194039748382,0.0,0.0
P0355_0553,148.5218125,36.0,1.4499513888888889,1.5999974252288929,38.0,1.3616957236842107,0.7181560342732941,0.3514517438305569,0.3483962162123493,0.0,0.0
P0357_0558,165.96875,28.0,1.4730848214285734,1.4112347285175615,38.0,2.277282894736841,1.2723631229097763,0.24851892299002107,0.5214038787422329,0.0,0.0
P0358_0556,209.8409375,35.0,1.765439285714285,1.5083773281060449,44.0,1.9045184659090908,1.4061011247797037,0.2944629190860338,0.39934444393148977,0.0,0.0
P0366_0567,273.376125,64.0,2.0088994140624985,1.393743071047316,75.0,1.1672641666666663,0.6755933502891763,0.4703028199701049,0.32023576491912004,0.0,0.0
P0367_0568,90.18,20.0,1.43518125,1.280991711594067,25.0,1.8006374999999997,0.8245574815406044,0.31829258150365936,0.4991787258815701,0.0,0.0
P0369_0570,144.2143125,33.0,1.9213579545454564,1.3959564169191228,34.0,1.534248161764704,1.10182081819525,0.4396568648482796,0.3617147049811712,0.0,0.0
P0370_0569,219.938625,23.0,1.1708668478260873,1.3273815903769772,29.0,1.387726293103448,0.8601673708107137,0.12244296562279594,0.18297860369000665,0.0,0.0
P0372_0572,84.318625,19.0,1.039740131578947,1.0019286514935388,28.0,1.7179017857142858,1.1264252763459892,0.23429061491455766,0.5704700473946296,0.0,0.0
P0375_0573,87.78,21.0,1.039455357142857,1.403847857250139,25.0,2.132145,1.3028114880313089,0.24867353041695142,0.6072411141490088,0.0,0.0
P0376_0574,262.755875,72.0,2.056186631944446,1.3681393801841222,59.0,0.7309438559322029,0.3670442942854815,0.5634334056279431,0.16412834727292003,0.0,0.0
P0377_0580,141.53687499999998,42.0,1.8958303571428565,1.624177366488522,39.0,0.9137580128205127,0.6414262375771356,0.5625733576497289,0.25178288343585375,0.0,0.0
P0379_0579,228.327,69.0,2.030038043478261,1.3528754516277137,71.0,0.8518019366197167,0.5929113723167536,0.6134737678855325,0.26487422643839703,0.0,0.0
P0382_0583,108.18,35.0,1.2060464285714283,1.419939337776375,40.0,1.3159453125000007,0.89239201231484,0.3901980495470511,0.4865761924570163,0.0,0.0
P0388_0593,143.6431875,26.0,2.210730769230771,1.7213793367138397,22.0,1.422096590909092,0.8540740024636349,0.40015124281477,0.21780444686943484,0.0,0.0
P0389_0594,100.3693125,28.0,1.1533236607142867,1.1776479509961402,30.0,1.4500145833333318,0.7346791799759411,0.3217423901354313,0.4334037607361309,0.0,0.0
P0390_0595,115.1678125,31.0,1.2661008064516133,1.2836228272652415,36.0,1.8068246527777783,1.3208148711472123,0.3407994312647035,0.5647905095010815,0.0,0.0
P0392_0599,157.953625,28.0,1.193430803571429,1.2996754238170776,47.0,1.710232712765957,0.8828209373107893,0.2115561608668368,0.5088894762624155,0.0,0.0
P0393_0600,228.8539375,43.0,1.3001249999999989,1.221721688104341,39.0,1.8497051282051273,1.226658107315459,0.24428408621984032,0.31521633749473926,0.0,0.0
P0395_0602,105.637625,21.0,1.0880982142857132,1.2307631305114486,23.0,2.5642364130434787,1.6840210268510913,0.21630609832434208,0.558299540528292,0.0,0.0
P0396_0601,102.56925,27.0,1.1414814814814815,0.9330179040078289,27.0,1.7216805555555554,0.9803629122439926,0.3004799196640319,0.45320966079014907,0.0,0.0
P0397_0603,295.27875,67.0,1.7877975746268617,1.2535462231811374,24.0,0.7668359375000021,0.40419777751323155,0.4056588477836611,0.06232775809298858,0.0,0.0
P0398_0605,198.03125,43.0,2.0929927325581383,1.623371415264866,46.0,1.2248858695652187,0.7563375625736051,0.45446709799589685,0.2845245384251226,0.0,0.0
