uuid,sum_B_filledpause,sum_B_correction,sum_B_repeat,sum_B_error,sum_A_filledpause,sum_A_correction,sum_A_repeat,sum_A_error,sum_A_word,sum_B_word,n,nl,ng,t,tg,s,f,v,vd,vn,vi,a,ad,an,ag,al,b,bl,z,r,rr,rz,rzt,rzs,rzv,ry,ryt,rys,ryv,rg,m,mq,q,qv,qt,d,p,pba,pbei,c,cc
P0001_0017,0.22727272727272727,0.0,0.0,0.0,0.13513513513513514,0.0,0.0,0.009009009009009009,222.0,22.0,3.0,0.0,0.0,0.0,0.0,0.0,0.0,3.0,0.0,0.0,0.0,0.0,0.0,0.0,0.0,0.0,0.0,0.0,0.0,3.0,0.0,0.0,0.0,0.0,0.0,0.0,0.0,0.0,0.0,0.0,0.0,0.0,0.0,0.0,0.0,1.0,0.0,0.0,0.0,1.0,0.0
P0004_0025,0.05747126436781609,0.0,0.034482758620689655,0.022988505747126436,0.08433734939759036,0.0,0.006024096385542169,0.0,166.0,87.0,12.0,0.0,0.0,0.0,0.0,0.0,4.0,23.0,0.0,0.0,0.0,0.0,0.0,0.0,0.0,0.0,0.0,0.0,0.0,12.0,0.0,0.0,0.0,0.0,0.0,0.0,0.0,0.0,0.0,0.0,1.0,0.0,0.0,0.0,0.0,2.0,3.0,0.0,0.0,0.0,0.0
P0009_0031,0.1056338028169014,0.0,0.035211267605633804,0.007042253521126761,0.21481481481481482,0.0,0.0,0.007407407407407408,135.0,142.0,25.0,0.0,0.0,0.0,0.0,3.0,4.0,18.0,0.0,0.0,0.0,0.0,0.0,0.0,0.0,0.0,0.0,0.0,0.0,18.0,0.0,0.0,0.0,0.0,0.0,0.0,0.0,0.0,0.0,0.0,3.0,0.0,3.0,0.0,0.0,5.0,4.0,0.0,0.0,2.0,0.0
P0013_0043,0.05454545454545454,0.01818181818181818,0.00909090909090909,0.0,0.07692307692307693,0.0,0.0,0.0,117.0,110.0,10.0,0.0,0.0,1.0,0.0,4.0,1.0,24.0,0.0,0.0,0.0,1.0,0.0,0.0,0.0,0.0,0.0,0.0,0.0,27.0,0.0,0.0,0.0,0.0,0.0,0.0,0.0,0.0,0.0,0.0,1.0,0.0,1.0,0.0,0.0,4.0,1.0,0.0,0.0,2.0,0.0
P0014_0046,0.13636363636363635,0.18181818181818182,0.0,0.0,0.13675213675213677,0.0,0.0,0.0,117.0,22.0,4.0,0.0,0.0,0.0,0.0,0.0,0.0,5.0,0.0,0.0,0.0,2.0,0.0,0.0,0.0,0.0,0.0,0.0,0.0,4.0,0.0,0.0,0.0,0.0,0.0,0.0,0.0,0.0,0.0,0.0,0.0,0.0,0.0,0.0,0.0,0.0,1.0,0.0,0.0,0.0,0.0
P0016_0050,0.0625,0.0,0.020833333333333332,0.0,0.1044776119402985,0.0,0.0,0.0,134.0,96.0,19.0,0.0,0.0,1.0,0.0,0.0,1.0,17.0,0.0,0.0,0.0,0.0,0.0,0.0,0.0,0.0,0.0,0.0,0.0,17.0,0.0,0.0,0.0,0.0,0.0,0.0,0.0,0.0,0.0,0.0,0.0,0.0,0.0,0.0,0.0,3.0,2.0,0.0,0.0,0.0,0.0
P0019_0055,0.043478260869565216,0.0,0.0,0.0,0.22727272727272727,0.0,0.0,0.0,66.0,46.0,12.0,0.0,0.0,0.0,0.0,0.0,0.0,8.0,0.0,0.0,0.0,1.0,0.0,0.0,0.0,0.0,0.0,0.0,0.0,6.0,0.0,0.0,0.0,0.0,0.0,0.0,0.0,0.0,0.0,0.0,0.0,0.0,1.0,0.0,0.0,1.0,0.0,0.0,0.0,0.0,0.0
P0020_0056,0.09523809523809523,0.0,0.015873015873015872,0.0,0.12781954887218044,0.0,0.0,0.0,133.0,126.0,9.0,0.0,0.0,0.0,0.0,4.0,1.0,15.0,0.0,0.0,0.0,0.0,0.0,0.0,0.0,0.0,0.0,0.0,0.0,32.0,0.0,0.0,0.0,0.0,0.0,0.0,0.0,0.0,0.0,0.0,1.0,0.0,0.0,0.0,0.0,7.0,2.0,0.0,0.0,1.0,0.0
P0021_0054,0.04316546762589928,0.007194244604316547,0.02877697841726619,0.0,0.1724137931034483,0.0,0.008620689655172414,0.0,116.0,139.0,15.0,0.0,0.0,1.0,0.0,1.0,3.0,17.0,0.0,0.0,0.0,4.0,0.0,0.0,0.0,0.0,0.0,0.0,0.0,31.0,0.0,0.0,0.0,0.0,0.0,0.0,0.0,0.0,0.0,0.0,1.0,0.0,0.0,0.0,0.0,6.0,4.0,0.0,0.0,1.0,0.0
P0023_0044,0.058823529411764705,0.0,0.11764705882352941,0.0,0.14754098360655737,0.0,0.0,0.0,122.0,17.0,3.0,0.0,0.0,0.0,0.0,0.0,0.0,1.0,0.0,0.0,0.0,0.0,0.0,0.0,0.0,0.0,0.0,0.0,0.0,1.0,0.0,0.0,0.0,0.0,0.0,0.0,0.0,0.0,0.0,0.0,0.0,0.0,0.0,0.0,0.0,1.0,0.0,0.0,0.0,0.0,0.0
P0025_0061,0.057692307692307696,0.0,0.0,0.028846153846153848,0.13253012048192772,0.0,0.0,0.0,166.0,104.0,25.0,0.0,0.0,0.0,0.0,0.0,1.0,16.0,0.0,0.0,0.0,0.0,0.0,0.0,0.0,0.0,0.0,0.0,0.0,26.0,0.0,0.0,0.0,0.0,0.0,0.0,0.0,0.0,0.0,0.0,1.0,0.0,0.0,0.0,0.0,2.0,0.0,0.0,0.0,4.0,0.0
P0026_0062,0.05970149253731343,0.0,0.0,0.16417910447761194,0.1794871794871795,0.0,0.0,0.017094017094017096,117.0,67.0,18.0,0.0,0.0,0.0,0.0,0.0,3.0,11.0,0.0,0.0,0.0,0.0,0.0,0.0,0.0,0.0,0.0,0.0,0.0,4.0,0.0,0.0,0.0,0.0,0.0,0.0,0.0,0.0,0.0,0.0,1.0,0.0,0.0,0.0,0.0,2.0,4.0,0.0,0.0,0.0,0.0
P0028_0076,0.014925373134328358,0.0,0.0,0.0,0.0735930735930736,0.0,0.0,0.004329004329004329,231.0,268.0,36.0,0.0,0.0,0.0,0.0,1.0,9.0,56.0,0.0,0.0,0.0,2.0,0.0,0.0,0.0,0.0,0.0,0.0,0.0,76.0,0.0,0.0,0.0,0.0,0.0,0.0,0.0,0.0,0.0,0.0,7.0,0.0,5.0,0.0,0.0,3.0,6.0,0.0,0.0,3.0,0.0
P0030_0080,0.047244094488188976,0.0,0.023622047244094488,0.0,0.15319148936170213,0.0,0.00851063829787234,0.0,235.0,127.0,13.0,0.0,0.0,1.0,0.0,0.0,0.0,22.0,0.0,0.0,0.0,0.0,0.0,0.0,0.0,0.0,0.0,0.0,0.0,21.0,0.0,0.0,0.0,0.0,0.0,0.0,0.0,0.0,0.0,0.0,3.0,0.0,0.0,0.0,0.0,6.0,5.0,0.0,0.0,1.0,0.0
P0031_0081,0.01680672268907563,0.0,0.0,0.0,0.06315789473684211,0.0,0.0,0.010526315789473684,95.0,119.0,16.0,0.0,1.0,2.0,0.0,0.0,3.0,27.0,0.0,0.0,0.0,0.0,0.0,0.0,0.0,0.0,0.0,0.0,0.0,23.0,0.0,0.0,0.0,0.0,0.0,0.0,0.0,0.0,0.0,0.0,1.0,0.0,3.0,0.0,0.0,6.0,2.0,0.0,0.0,0.0,0.0
P0032_0083,0.049107142857142856,0.0,0.0,0.11607142857142858,0.17094017094017094,0.0,0.0,0.09401709401709402,117.0,224.0,39.0,0.0,1.0,2.0,0.0,0.0,8.0,46.0,0.0,0.0,0.0,0.0,0.0,0.0,0.0,0.0,0.0,0.0,0.0,31.0,0.0,0.0,0.0,0.0,0.0,0.0,0.0,0.0,0.0,0.0,4.0,0.0,3.0,0.0,0.0,1.0,9.0,0.0,0.0,5.0,0.0
P0034_0084,0.049019607843137254,0.0,0.0,0.0,0.20567375886524822,0.0,0.0,0.0425531914893617,141.0,102.0,19.0,0.0,1.0,0.0,0.0,0.0,2.0,17.0,0.0,0.0,0.0,2.0,0.0,0.0,0.0,0.0,0.0,0.0,0.0,18.0,0.0,0.0,0.0,0.0,0.0,0.0,0.0,0.0,0.0,0.0,2.0,1.0,2.0,0.0,0.0,1.0,1.0,0.0,0.0,0.0,0.0
P0035_0085,0.027522935779816515,0.0,0.0,0.11926605504587157,0.1037037037037037,0.0,0.0,0.17777777777777778,135.0,109.0,18.0,0.0,0.0,0.0,0.0,2.0,2.0,27.0,0.0,0.0,0.0,1.0,0.0,0.0,0.0,0.0,0.0,0.0,0.0,18.0,0.0,0.0,0.0,0.0,0.0,0.0,0.0,0.0,0.0,0.0,2.0,0.0,3.0,0.0,0.0,3.0,4.0,0.0,0.0,1.0,0.0
P0036_0086,0.0,0.0,0.0,0.011235955056179775,0.04,0.0,0.0,0.01,100.0,89.0,9.0,0.0,1.0,1.0,0.0,1.0,0.0,18.0,0.0,0.0,0.0,2.0,0.0,0.0,0.0,0.0,1.0,0.0,0.0,11.0,0.0,0.0,0.0,0.0,0.0,0.0,0.0,0.0,0.0,0.0,0.0,0.0,0.0,0.0,0.0,6.0,5.0,0.0,0.0,3.0,0.0
P0038_0090,0.06542056074766354,0.0,0.0,0.028037383177570093,0.17575757575757575,0.0,0.0,0.0,165.0,107.0,24.0,0.0,0.0,0.0,0.0,0.0,1.0,16.0,0.0,0.0,0.0,2.0,0.0,0.0,0.0,0.0,0.0,0.0,0.0,10.0,0.0,0.0,0.0,0.0,0.0,0.0,0.0,0.0,0.0,0.0,2.0,0.0,2.0,0.0,0.0,4.0,1.0,0.0,0.0,1.0,0.0
P0039_0092,0.032679738562091505,0.0,0.0,0.08496732026143791,0.13142857142857142,0.0,0.0,0.02857142857142857,175.0,153.0,18.0,0.0,3.0,2.0,0.0,0.0,2.0,39.0,0.0,0.0,0.0,1.0,0.0,1.0,0.0,0.0,1.0,0.0,0.0,17.0,0.0,0.0,0.0,0.0,0.0,0.0,0.0,0.0,0.0,0.0,7.0,0.0,2.0,0.0,0.0,4.0,3.0,0.0,0.0,0.0,0.0
P0040_0093,0.031746031746031744,0.0,0.0,0.1111111111111111,0.13402061855670103,0.0,0.0,0.010309278350515464,97.0,63.0,9.0,0.0,1.0,0.0,0.0,0.0,0.0,17.0,0.0,0.0,0.0,0.0,0.0,0.0,0.0,0.0,0.0,0.0,0.0,11.0,0.0,0.0,0.0,0.0,0.0,0.0,0.0,0.0,0.0,0.0,0.0,0.0,0.0,0.0,0.0,1.0,4.0,0.0,0.0,0.0,0.0
P0041_0096,0.046875,0.0,0.0,0.125,0.10204081632653061,0.0,0.0,0.08163265306122448,49.0,64.0,12.0,0.0,0.0,1.0,0.0,0.0,1.0,14.0,0.0,0.0,0.0,0.0,0.0,0.0,0.0,0.0,0.0,0.0,0.0,10.0,0.0,0.0,0.0,0.0,0.0,0.0,0.0,0.0,0.0,0.0,0.0,0.0,0.0,0.0,0.0,1.0,0.0,0.0,0.0,0.0,0.0
P0042_0099,0.07602339181286549,0.0,0.0,0.0,0.07339449541284404,0.0,0.0,0.0,109.0,171.0,14.0,0.0,2.0,0.0,0.0,1.0,3.0,30.0,0.0,0.0,0.0,5.0,0.0,2.0,0.0,0.0,0.0,0.0,0.0,31.0,0.0,0.0,0.0,0.0,0.0,0.0,0.0,0.0,0.0,0.0,2.0,0.0,0.0,0.0,0.0,8.0,6.0,0.0,0.0,3.0,0.0
P0043_0098,0.04296875,0.0,0.0,0.08203125,0.18543046357615894,0.0,0.0,0.026490066225165563,151.0,256.0,38.0,0.0,0.0,1.0,0.0,2.0,10.0,53.0,0.0,0.0,0.0,1.0,0.0,0.0,0.0,0.0,1.0,0.0,0.0,45.0,0.0,0.0,0.0,0.0,0.0,0.0,0.0,0.0,0.0,0.0,5.0,0.0,0.0,0.0,0.0,20.0,3.0,0.0,0.0,11.0,0.0
P0044_0100,0.043859649122807015,0.0,0.0,0.0,0.17857142857142858,0.0,0.0,0.0,56.0,114.0,22.0,0.0,1.0,1.0,0.0,0.0,4.0,22.0,0.0,0.0,0.0,1.0,0.0,0.0,0.0,0.0,0.0,0.0,0.0,9.0,0.0,0.0,0.0,0.0,0.0,0.0,0.0,0.0,0.0,0.0,3.0,0.0,1.0,0.0,0.0,10.0,3.0,0.0,0.0,2.0,0.0
P0045_0103,0.0,0.0,0.0,0.0,0.16853932584269662,0.0,0.0,0.02247191011235955,89.0,72.0,10.0,0.0,0.0,0.0,0.0,0.0,6.0,17.0,0.0,0.0,0.0,0.0,0.0,0.0,0.0,0.0,0.0,0.0,0.0,10.0,0.0,0.0,0.0,0.0,0.0,0.0,0.0,0.0,0.0,0.0,3.0,0.0,0.0,0.0,0.0,4.0,3.0,0.0,0.0,0.0,0.0
P0049_0109,0.008620689655172414,0.0,0.0,0.017241379310344827,0.2714285714285714,0.0,0.0,0.014285714285714285,70.0,116.0,23.0,0.0,0.0,0.0,0.0,0.0,3.0,23.0,0.0,0.0,0.0,3.0,0.0,0.0,0.0,0.0,0.0,0.0,0.0,16.0,0.0,0.0,0.0,0.0,0.0,0.0,0.0,0.0,0.0,0.0,7.0,0.0,7.0,0.0,0.0,5.0,5.0,0.0,0.0,0.0,0.0
P0050_0114,0.048,0.0,0.0,0.0,0.20689655172413793,0.0,0.0,0.0,116.0,125.0,25.0,0.0,1.0,1.0,0.0,0.0,4.0,20.0,0.0,0.0,0.0,1.0,0.0,0.0,0.0,0.0,0.0,0.0,0.0,20.0,0.0,0.0,0.0,0.0,0.0,0.0,0.0,0.0,0.0,0.0,3.0,0.0,0.0,0.0,0.0,2.0,6.0,0.0,0.0,1.0,0.0
P0051_0115,0.020833333333333332,0.0,0.0,0.0,0.20253164556962025,0.0,0.0,0.0,79.0,96.0,19.0,0.0,1.0,1.0,0.0,1.0,1.0,11.0,0.0,0.0,0.0,0.0,0.0,0.0,0.0,0.0,3.0,0.0,0.0,19.0,0.0,0.0,0.0,0.0,0.0,0.0,0.0,0.0,0.0,0.0,3.0,0.0,0.0,0.0,0.0,4.0,3.0,0.0,0.0,1.0,0.0
P0052_0113,0.010869565217391304,0.0,0.0,0.0,0.16417910447761194,0.0,0.0,0.0,67.0,92.0,17.0,0.0,0.0,0.0,0.0,0.0,2.0,25.0,0.0,0.0,0.0,4.0,0.0,0.0,0.0,0.0,0.0,0.0,0.0,10.0,0.0,0.0,0.0,0.0,0.0,0.0,0.0,0.0,0.0,0.0,3.0,0.0,0.0,0.0,0.0,2.0,2.0,0.0,0.0,1.0,0.0
P0053_0117,0.03125,0.0,0.0,0.0,0.16831683168316833,0.0,0.0,0.019801980198019802,101.0,128.0,21.0,0.0,0.0,0.0,0.0,2.0,1.0,26.0,0.0,0.0,0.0,0.0,0.0,0.0,0.0,0.0,0.0,0.0,0.0,15.0,0.0,0.0,0.0,0.0,0.0,0.0,0.0,0.0,0.0,0.0,0.0,0.0,0.0,0.0,0.0,12.0,8.0,0.0,0.0,1.0,0.0
P0054_0118,0.017699115044247787,0.0,0.0,0.09734513274336283,0.14423076923076922,0.0,0.0,0.057692307692307696,104.0,113.0,18.0,0.0,0.0,0.0,0.0,2.0,6.0,26.0,0.0,0.0,0.0,1.0,0.0,1.0,0.0,0.0,0.0,0.0,0.0,10.0,0.0,0.0,0.0,0.0,0.0,0.0,0.0,0.0,0.0,0.0,5.0,0.0,0.0,0.0,0.0,5.0,5.0,0.0,0.0,3.0,0.0
P0057_0123,0.10112359550561797,0.0,0.0,0.011235955056179775,0.17475728155339806,0.0,0.0,0.009708737864077669,103.0,89.0,21.0,0.0,0.0,0.0,0.0,0.0,0.0,11.0,0.0,0.0,0.0,0.0,0.0,0.0,0.0,0.0,2.0,0.0,0.0,9.0,0.0,0.0,0.0,0.0,0.0,0.0,0.0,0.0,0.0,0.0,4.0,0.0,0.0,0.0,0.0,1.0,3.0,0.0,0.0,3.0,0.0
P0058_0122,0.008333333333333333,0.0,0.0,0.0,0.1643835616438356,0.0,0.0,0.0,73.0,120.0,20.0,0.0,0.0,2.0,0.0,1.0,3.0,23.0,0.0,0.0,0.0,1.0,0.0,0.0,0.0,0.0,0.0,0.0,0.0,13.0,0.0,0.0,0.0,0.0,0.0,0.0,0.0,0.0,0.0,0.0,4.0,0.0,1.0,0.0,0.0,7.0,10.0,0.0,0.0,2.0,0.0
P0059_0119,0.008064516129032258,0.0,0.0,0.024193548387096774,0.24285714285714285,0.0,0.0,0.06428571428571428,140.0,124.0,16.0,0.0,0.0,2.0,0.0,0.0,4.0,29.0,0.0,1.0,0.0,0.0,0.0,0.0,0.0,0.0,0.0,0.0,0.0,20.0,0.0,0.0,0.0,0.0,0.0,0.0,0.0,0.0,0.0,0.0,2.0,0.0,2.0,0.0,0.0,4.0,5.0,0.0,0.0,0.0,0.0
P0060_0126,0.05759162303664921,0.0,0.0,0.0,0.2734375,0.0,0.0,0.0,128.0,191.0,30.0,0.0,0.0,0.0,0.0,1.0,2.0,30.0,0.0,1.0,0.0,4.0,0.0,0.0,0.0,0.0,1.0,0.0,0.0,25.0,0.0,0.0,0.0,0.0,0.0,0.0,0.0,0.0,0.0,0.0,9.0,0.0,1.0,0.0,0.0,5.0,5.0,0.0,0.0,5.0,0.0
P0061_0124,0.027777777777777776,0.0,0.0,0.0,0.17857142857142858,0.0,0.0,0.03571428571428571,140.0,36.0,9.0,0.0,0.0,0.0,0.0,0.0,0.0,7.0,0.0,0.0,0.0,0.0,0.0,0.0,0.0,0.0,0.0,0.0,0.0,4.0,0.0,0.0,0.0,0.0,0.0,0.0,0.0,0.0,0.0,0.0,0.0,0.0,1.0,0.0,0.0,0.0,2.0,0.0,0.0,0.0,0.0
P0062_0125,0.058823529411764705,0.0,0.0,0.0392156862745098,0.2376237623762376,0.0,0.0,0.019801980198019802,101.0,102.0,28.0,0.0,0.0,0.0,0.0,1.0,2.0,10.0,0.0,0.0,0.0,0.0,0.0,0.0,0.0,0.0,0.0,0.0,0.0,12.0,0.0,0.0,0.0,0.0,0.0,0.0,0.0,0.0,0.0,0.0,4.0,0.0,1.0,0.0,0.0,2.0,1.0,0.0,0.0,7.0,0.0
P0063_0130,0.07894736842105263,0.0,0.0,0.046052631578947366,0.13095238095238096,0.0,0.0,0.017857142857142856,168.0,152.0,18.0,0.0,0.0,1.0,0.0,0.0,4.0,34.0,0.0,0.0,0.0,1.0,0.0,0.0,0.0,0.0,1.0,0.0,0.0,21.0,0.0,0.0,0.0,0.0,0.0,0.0,0.0,0.0,0.0,0.0,3.0,0.0,2.0,0.0,0.0,5.0,3.0,0.0,0.0,3.0,0.0
P0068_0166,0.039647577092511016,0.0,0.022026431718061675,0.0,0.22941176470588234,0.0,0.0,0.0,170.0,227.0,40.0,0.0,0.0,0.0,0.0,0.0,1.0,52.0,0.0,0.0,0.0,1.0,0.0,0.0,0.0,0.0,1.0,0.0,0.0,41.0,0.0,0.0,0.0,0.0,0.0,0.0,0.0,0.0,0.0,0.0,15.0,0.0,5.0,0.0,0.0,9.0,9.0,0.0,0.0,2.0,0.0
P0069_0165,0.08029197080291971,0.0,0.051094890510948905,0.0,0.11235955056179775,0.0,0.0056179775280898875,0.0,178.0,137.0,20.0,0.0,5.0,0.0,0.0,0.0,3.0,24.0,0.0,0.0,0.0,3.0,0.0,0.0,0.0,0.0,2.0,0.0,0.0,23.0,0.0,0.0,0.0,0.0,0.0,0.0,0.0,0.0,0.0,0.0,1.0,0.0,2.0,0.0,0.0,7.0,1.0,0.0,0.0,0.0,0.0
P0078_0176,0.048,0.0,0.008,0.0,0.11666666666666667,0.0,0.0,0.0,120.0,125.0,15.0,0.0,0.0,1.0,0.0,0.0,1.0,25.0,0.0,0.0,0.0,0.0,0.0,0.0,0.0,0.0,3.0,0.0,0.0,12.0,0.0,0.0,0.0,0.0,0.0,0.0,0.0,0.0,0.0,0.0,5.0,0.0,1.0,0.0,0.0,10.0,11.0,0.0,0.0,0.0,0.0
P0081_0183,0.046153846153846156,0.0,0.0,0.0,0.14893617021276595,0.0,0.02127659574468085,0.0,94.0,65.0,8.0,0.0,0.0,0.0,0.0,0.0,1.0,11.0,0.0,0.0,0.0,0.0,0.0,2.0,0.0,0.0,0.0,0.0,0.0,8.0,0.0,0.0,0.0,0.0,0.0,0.0,0.0,0.0,0.0,0.0,2.0,1.0,0.0,0.0,0.0,4.0,2.0,0.0,0.0,0.0,0.0
P0084_0187,0.02608695652173913,0.0,0.02608695652173913,0.0,0.11304347826086956,0.0,0.017391304347826087,0.0,115.0,115.0,22.0,0.0,0.0,1.0,0.0,2.0,2.0,17.0,0.0,0.0,0.0,1.0,0.0,0.0,0.0,0.0,1.0,0.0,0.0,14.0,0.0,0.0,0.0,0.0,0.0,0.0,0.0,0.0,0.0,0.0,3.0,0.0,0.0,0.0,0.0,1.0,6.0,0.0,0.0,2.0,0.0
P0086_0193,0.01694915254237288,0.0,0.025423728813559324,0.01694915254237288,0.0967741935483871,0.0,0.0,0.03225806451612903,62.0,118.0,20.0,0.0,0.0,0.0,0.0,2.0,2.0,25.0,0.0,0.0,0.0,1.0,0.0,0.0,0.0,0.0,0.0,0.0,0.0,6.0,0.0,0.0,0.0,0.0,0.0,0.0,0.0,0.0,0.0,0.0,0.0,0.0,2.0,0.0,0.0,15.0,10.0,0.0,0.0,2.0,0.0
P0089_0192,0.08571428571428572,0.0,0.0,0.0,0.04938271604938271,0.0,0.0,0.0,81.0,105.0,18.0,0.0,2.0,0.0,0.0,1.0,3.0,21.0,0.0,0.0,0.0,5.0,0.0,0.0,0.0,0.0,0.0,0.0,0.0,5.0,0.0,0.0,0.0,0.0,0.0,0.0,0.0,0.0,0.0,0.0,1.0,0.0,1.0,0.0,0.0,7.0,5.0,0.0,0.0,5.0,0.0
P0090_0194,0.06756756756756757,0.0,0.16216216216216217,0.0,0.14285714285714285,0.0,0.024844720496894408,0.0,161.0,74.0,18.0,0.0,0.0,0.0,0.0,0.0,2.0,13.0,0.0,0.0,0.0,1.0,0.0,0.0,0.0,0.0,0.0,0.0,0.0,13.0,0.0,0.0,0.0,0.0,0.0,0.0,0.0,0.0,0.0,0.0,0.0,0.0,0.0,0.0,0.0,1.0,3.0,0.0,0.0,0.0,0.0
P0093_0200,0.017699115044247787,0.0,0.008849557522123894,0.0,0.08695652173913043,0.0,0.034782608695652174,0.008695652173913044,115.0,113.0,16.0,0.0,0.0,2.0,0.0,0.0,5.0,20.0,0.0,0.0,0.0,3.0,0.0,0.0,0.0,0.0,2.0,0.0,0.0,16.0,0.0,0.0,0.0,0.0,0.0,0.0,0.0,0.0,0.0,0.0,8.0,0.0,0.0,0.0,0.0,3.0,3.0,0.0,0.0,0.0,0.0
P0094_0201,0.03896103896103896,0.0,0.025974025974025976,0.0,0.12396694214876033,0.0,0.0,0.0,121.0,154.0,20.0,0.0,0.0,1.0,0.0,7.0,9.0,27.0,0.0,0.0,0.0,3.0,0.0,0.0,0.0,0.0,1.0,0.0,0.0,9.0,0.0,0.0,0.0,0.0,0.0,0.0,0.0,0.0,0.0,0.0,9.0,0.0,4.0,0.0,0.0,11.0,10.0,0.0,0.0,2.0,0.0
P0096_0205,0.027972027972027972,0.006993006993006993,0.006993006993006993,0.0,0.1267605633802817,0.0,0.02112676056338028,0.0,142.0,143.0,27.0,0.0,0.0,0.0,0.0,1.0,6.0,21.0,0.0,1.0,0.0,1.0,0.0,0.0,0.0,0.0,0.0,0.0,0.0,18.0,0.0,0.0,0.0,0.0,0.0,0.0,0.0,0.0,0.0,0.0,3.0,0.0,1.0,0.0,0.0,7.0,9.0,0.0,0.0,2.0,0.0
P0099_0206,0.07017543859649122,0.0,0.008771929824561403,0.0,0.14782608695652175,0.0,0.017391304347826087,0.0,115.0,114.0,19.0,0.0,0.0,0.0,0.0,0.0,0.0,21.0,0.0,1.0,0.0,1.0,0.0,0.0,0.0,0.0,0.0,0.0,0.0,21.0,0.0,0.0,0.0,0.0,0.0,0.0,0.0,0.0,0.0,0.0,1.0,0.0,1.0,0.0,0.0,4.0,6.0,0.0,0.0,1.0,0.0
P0102_0212,0.038461538461538464,0.0,0.007692307692307693,0.0,0.08759124087591241,0.0,0.029197080291970802,0.0,137.0,130.0,19.0,0.0,0.0,1.0,0.0,1.0,2.0,31.0,0.0,0.0,0.0,2.0,0.0,1.0,0.0,0.0,0.0,0.0,0.0,20.0,0.0,0.0,0.0,0.0,0.0,0.0,0.0,0.0,0.0,0.0,3.0,0.0,0.0,0.0,0.0,5.0,3.0,0.0,0.0,1.0,0.0
P0103_0211,0.12698412698412698,0.0,0.015873015873015872,0.0,0.10504201680672269,0.0,0.012605042016806723,0.0,238.0,126.0,12.0,0.0,0.0,3.0,0.0,0.0,5.0,14.0,0.0,2.0,0.0,1.0,0.0,0.0,0.0,0.0,3.0,0.0,0.0,19.0,0.0,0.0,0.0,0.0,0.0,0.0,0.0,0.0,0.0,0.0,2.0,0.0,0.0,0.0,0.0,2.0,2.0,0.0,0.0,0.0,0.0
P0105_0215,0.01818181818181818,0.0,0.03636363636363636,0.0,0.08496732026143791,0.0,0.006535947712418301,0.0,153.0,55.0,8.0,0.0,0.0,0.0,0.0,1.0,1.0,8.0,0.0,0.0,0.0,0.0,0.0,0.0,0.0,0.0,0.0,0.0,0.0,14.0,0.0,0.0,0.0,0.0,0.0,0.0,0.0,0.0,0.0,0.0,2.0,0.0,0.0,0.0,0.0,1.0,2.0,0.0,0.0,0.0,0.0
P0106_0217,0.061068702290076333,0.0,0.015267175572519083,0.0,0.1111111111111111,-0.005291005291005291,0.026455026455026454,0.0,189.0,131.0,21.0,0.0,0.0,1.0,0.0,1.0,8.0,22.0,0.0,0.0,0.0,1.0,0.0,1.0,0.0,0.0,0.0,0.0,0.0,25.0,0.0,0.0,0.0,0.0,0.0,0.0,0.0,0.0,0.0,0.0,1.0,0.0,2.0,0.0,0.0,1.0,1.0,0.0,0.0,1.0,0.0
P0108_0216,0.0375,0.0125,0.0,0.0,0.0896551724137931,0.006896551724137931,0.020689655172413793,0.0,145.0,80.0,15.0,0.0,0.0,1.0,0.0,0.0,0.0,11.0,0.0,0.0,0.0,1.0,0.0,1.0,0.0,0.0,1.0,0.0,0.0,9.0,0.0,0.0,0.0,0.0,0.0,0.0,0.0,0.0,0.0,0.0,3.0,0.0,0.0,0.0,0.0,4.0,4.0,0.0,0.0,1.0,0.0
P0109_0218,0.045454545454545456,0.0,0.00909090909090909,0.00909090909090909,0.08955223880597014,0.007462686567164179,0.022388059701492536,0.014925373134328358,134.0,110.0,15.0,0.0,0.0,0.0,0.0,0.0,2.0,26.0,0.0,0.0,0.0,3.0,0.0,0.0,0.0,0.0,0.0,0.0,0.0,9.0,0.0,0.0,0.0,0.0,0.0,0.0,0.0,0.0,0.0,0.0,4.0,0.0,2.0,0.0,0.0,4.0,5.0,0.0,0.0,3.0,0.0
P0110_0222,0.011904761904761904,0.0,0.011904761904761904,0.011904761904761904,0.10330578512396695,0.0,0.02066115702479339,0.004132231404958678,242.0,84.0,20.0,0.0,1.0,2.0,0.0,1.0,4.0,13.0,0.0,0.0,0.0,1.0,0.0,0.0,0.0,0.0,1.0,0.0,0.0,6.0,0.0,0.0,0.0,0.0,0.0,0.0,0.0,0.0,0.0,0.0,1.0,0.0,0.0,0.0,0.0,4.0,6.0,0.0,0.0,0.0,0.0
P0111_0220,0.05042016806722689,0.0,0.03361344537815126,0.0,0.10852713178294573,0.0,0.0,0.0,129.0,119.0,24.0,0.0,0.0,0.0,0.0,3.0,6.0,24.0,0.0,0.0,0.0,0.0,0.0,0.0,0.0,0.0,0.0,0.0,0.0,13.0,0.0,0.0,0.0,0.0,0.0,0.0,0.0,0.0,0.0,0.0,3.0,0.0,1.0,0.0,0.0,1.0,12.0,0.0,0.0,0.0,0.0
P0112_0011,0.028985507246376812,0.014492753623188406,0.0,0.0,0.1875,0.0,0.0,0.0,64.0,69.0,15.0,0.0,0.0,0.0,0.0,0.0,1.0,11.0,0.0,1.0,0.0,1.0,0.0,0.0,0.0,0.0,0.0,0.0,0.0,8.0,0.0,0.0,0.0,0.0,0.0,0.0,0.0,0.0,0.0,0.0,3.0,0.0,1.0,0.0,0.0,4.0,1.0,0.0,0.0,1.0,0.0
P0118_0230,0.009900990099009901,0.0,0.019801980198019802,0.0,0.07936507936507936,0.0,0.0,0.0,63.0,101.0,19.0,0.0,0.0,1.0,0.0,0.0,2.0,23.0,0.0,0.0,0.0,0.0,0.0,0.0,0.0,0.0,1.0,0.0,0.0,14.0,0.0,0.0,0.0,0.0,0.0,0.0,0.0,0.0,0.0,0.0,1.0,0.0,0.0,0.0,0.0,1.0,3.0,0.0,0.0,2.0,0.0
P0119_0240,0.005291005291005291,0.0,0.047619047619047616,0.0,0.12264150943396226,0.0,0.018867924528301886,0.009433962264150943,106.0,189.0,30.0,0.0,0.0,0.0,0.0,1.0,0.0,48.0,0.0,0.0,0.0,8.0,0.0,0.0,0.0,0.0,0.0,0.0,0.0,23.0,0.0,0.0,0.0,0.0,0.0,0.0,0.0,0.0,0.0,0.0,1.0,0.0,1.0,0.0,0.0,6.0,12.0,0.0,0.0,5.0,0.0
P0120_0237,0.06896551724137931,0.0,0.0,0.0,0.11851851851851852,0.0,0.0,0.0,135.0,87.0,16.0,0.0,0.0,0.0,0.0,1.0,1.0,16.0,0.0,0.0,0.0,0.0,0.0,0.0,0.0,0.0,0.0,0.0,0.0,11.0,0.0,0.0,0.0,0.0,0.0,0.0,0.0,0.0,0.0,0.0,2.0,0.0,1.0,0.0,0.0,2.0,4.0,0.0,0.0,0.0,0.0
P0124_0246,0.06172839506172839,0.0,0.024691358024691357,0.0,0.11538461538461539,0.0,0.015384615384615385,0.0,130.0,81.0,17.0,0.0,0.0,0.0,0.0,0.0,2.0,13.0,0.0,0.0,0.0,0.0,0.0,0.0,0.0,0.0,0.0,0.0,0.0,9.0,0.0,0.0,0.0,0.0,0.0,0.0,0.0,0.0,0.0,0.0,1.0,0.0,0.0,0.0,0.0,1.0,6.0,0.0,0.0,3.0,0.0
P0127_0249,0.02702702702702703,0.0,0.02702702702702703,0.0,0.14606741573033707,0.0,0.0,0.0,89.0,74.0,13.0,0.0,0.0,2.0,0.0,0.0,1.0,18.0,0.0,0.0,0.0,1.0,0.0,0.0,0.0,0.0,0.0,0.0,0.0,12.0,0.0,0.0,0.0,0.0,0.0,0.0,0.0,0.0,0.0,0.0,0.0,0.0,0.0,0.0,0.0,4.0,3.0,0.0,0.0,0.0,0.0
P0130_0250,0.10185185185185185,0.0,0.018518518518518517,0.0,0.09433962264150944,0.006289308176100629,0.006289308176100629,0.0,159.0,108.0,18.0,0.0,0.0,0.0,0.0,0.0,4.0,27.0,0.0,0.0,0.0,0.0,0.0,0.0,0.0,0.0,0.0,0.0,0.0,8.0,0.0,0.0,0.0,0.0,0.0,0.0,0.0,0.0,0.0,0.0,1.0,0.0,0.0,0.0,0.0,1.0,6.0,0.0,0.0,0.0,0.0
P0136_0260,0.07575757575757576,0.0,0.030303030303030304,0.0,0.12056737588652482,0.0070921985815602835,0.0,0.0,141.0,132.0,24.0,0.0,0.0,0.0,0.0,0.0,6.0,17.0,0.0,0.0,0.0,1.0,0.0,0.0,0.0,0.0,0.0,0.0,0.0,18.0,0.0,0.0,0.0,0.0,0.0,0.0,0.0,0.0,0.0,0.0,1.0,0.0,1.0,0.0,0.0,4.0,8.0,0.0,0.0,1.0,0.0
P0139_0106,0.02030456852791878,0.0,0.030456852791878174,0.0,0.07851239669421488,0.0,0.01652892561983471,0.0,242.0,197.0,15.0,0.0,1.0,2.0,0.0,0.0,4.0,33.0,0.0,0.0,0.0,8.0,0.0,2.0,0.0,0.0,2.0,0.0,0.0,30.0,0.0,0.0,0.0,0.0,0.0,0.0,0.0,0.0,0.0,0.0,6.0,0.0,0.0,0.0,0.0,14.0,11.0,0.0,0.0,5.0,0.0
P0143_0265,0.03361344537815126,0.0,0.0,0.0,0.15384615384615385,0.0,0.0,0.0,78.0,119.0,20.0,0.0,0.0,2.0,0.0,1.0,1.0,22.0,0.0,0.0,0.0,0.0,0.0,1.0,0.0,0.0,1.0,0.0,0.0,20.0,0.0,0.0,0.0,0.0,0.0,0.0,0.0,0.0,0.0,0.0,2.0,0.0,0.0,0.0,0.0,8.0,5.0,0.0,0.0,1.0,0.0
P0145_0269,0.060109289617486336,0.0,0.0546448087431694,0.0,0.09251101321585903,-0.004405286343612335,0.022026431718061675,0.0,227.0,183.0,16.0,0.0,0.0,0.0,0.0,0.0,3.0,31.0,0.0,1.0,0.0,1.0,1.0,4.0,0.0,0.0,0.0,0.0,0.0,30.0,0.0,0.0,0.0,0.0,0.0,0.0,0.0,0.0,0.0,0.0,2.0,0.0,1.0,0.0,0.0,15.0,6.0,0.0,0.0,4.0,0.0
P0148_0273,0.07352941176470588,0.0,0.029411764705882353,0.0,0.07017543859649122,0.005012531328320802,0.007518796992481203,0.002506265664160401,399.0,136.0,17.0,0.0,0.0,2.0,0.0,0.0,4.0,28.0,0.0,0.0,0.0,0.0,0.0,0.0,0.0,0.0,0.0,0.0,0.0,22.0,0.0,0.0,0.0,0.0,0.0,0.0,0.0,0.0,0.0,0.0,0.0,0.0,2.0,0.0,0.0,9.0,2.0,0.0,0.0,0.0,0.0
P0151_0277,0.12371134020618557,0.0,0.020618556701030927,0.0,0.056485355648535567,0.0,0.02301255230125523,0.0,478.0,97.0,9.0,0.0,0.0,2.0,0.0,1.0,3.0,15.0,0.0,0.0,0.0,2.0,0.0,0.0,0.0,0.0,0.0,0.0,0.0,8.0,0.0,0.0,0.0,0.0,0.0,0.0,0.0,0.0,0.0,0.0,0.0,0.0,1.0,0.0,0.0,6.0,3.0,0.0,0.0,1.0,0.0
P0154_0278,0.03676470588235294,0.0,0.029411764705882353,0.0,0.13142857142857142,0.0,0.011428571428571429,0.0,175.0,136.0,26.0,0.0,1.0,0.0,0.0,0.0,2.0,31.0,0.0,0.0,0.0,1.0,0.0,0.0,0.0,0.0,1.0,0.0,0.0,8.0,0.0,0.0,0.0,0.0,0.0,0.0,0.0,0.0,0.0,0.0,0.0,0.0,0.0,0.0,0.0,3.0,11.0,0.0,0.0,3.0,0.0
P0156_0282,0.04827586206896552,-0.013793103448275862,0.04827586206896552,0.0,0.10526315789473684,0.008771929824561403,0.008771929824561403,0.0,114.0,145.0,22.0,0.0,0.0,0.0,0.0,2.0,3.0,26.0,0.0,0.0,0.0,4.0,0.0,0.0,0.0,0.0,0.0,0.0,0.0,16.0,0.0,0.0,0.0,0.0,0.0,0.0,0.0,0.0,0.0,0.0,4.0,0.0,1.0,0.0,0.0,5.0,11.0,0.0,0.0,2.0,0.0
P0157_0283,0.06951871657754011,0.0,0.026737967914438502,0.0,0.0846774193548387,0.004032258064516129,0.016129032258064516,0.0,248.0,187.0,25.0,0.0,1.0,1.0,0.0,0.0,3.0,36.0,0.0,0.0,0.0,2.0,0.0,0.0,0.0,0.0,2.0,0.0,0.0,35.0,0.0,0.0,0.0,0.0,0.0,0.0,0.0,0.0,0.0,0.0,0.0,0.0,0.0,0.0,0.0,16.0,3.0,0.0,0.0,1.0,0.0
P0159_0289,0.056338028169014086,0.0,0.0,0.0,0.09836065573770492,0.0,0.0,0.0,122.0,71.0,16.0,0.0,0.0,0.0,0.0,0.0,1.0,15.0,0.0,0.0,0.0,1.0,0.0,0.0,0.0,0.0,0.0,0.0,0.0,3.0,0.0,0.0,0.0,0.0,0.0,0.0,0.0,0.0,0.0,0.0,1.0,0.0,1.0,0.0,0.0,2.0,2.0,0.0,0.0,2.0,0.0
P0160_0287,0.027777777777777776,0.0,0.0,0.0,0.10810810810810811,0.0,0.0,0.0,74.0,72.0,13.0,0.0,0.0,0.0,0.0,0.0,2.0,14.0,0.0,0.0,0.0,0.0,0.0,0.0,0.0,0.0,0.0,0.0,0.0,11.0,0.0,0.0,0.0,0.0,0.0,0.0,0.0,0.0,0.0,0.0,0.0,0.0,0.0,0.0,0.0,1.0,1.0,0.0,0.0,1.0,0.0
P0161_0288,0.09615384615384616,0.0,0.038461538461538464,0.0,0.16666666666666666,0.0,0.0,0.0,84.0,52.0,4.0,0.0,0.0,1.0,0.0,0.0,0.0,8.0,0.0,0.0,0.0,1.0,0.0,0.0,0.0,0.0,0.0,0.0,0.0,9.0,0.0,0.0,0.0,0.0,0.0,0.0,0.0,0.0,0.0,0.0,3.0,0.0,0.0,0.0,0.0,0.0,1.0,0.0,0.0,2.0,0.0
P0163_0286,0.026845637583892617,0.0,0.020134228187919462,0.0,0.12195121951219512,0.012195121951219513,0.0,0.0,82.0,149.0,15.0,0.0,0.0,1.0,0.0,0.0,3.0,28.0,0.0,0.0,0.0,2.0,0.0,0.0,0.0,0.0,0.0,0.0,0.0,30.0,0.0,0.0,0.0,0.0,0.0,0.0,0.0,0.0,0.0,0.0,4.0,0.0,0.0,0.0,0.0,11.0,3.0,0.0,0.0,7.0,0.0
P0166_0293,0.024793388429752067,0.008264462809917356,0.0,0.0,0.08536585365853659,0.006097560975609756,0.006097560975609756,0.0,164.0,121.0,19.0,0.0,1.0,0.0,0.0,1.0,4.0,28.0,0.0,0.0,0.0,3.0,0.0,0.0,0.0,0.0,1.0,0.0,0.0,18.0,0.0,0.0,0.0,0.0,0.0,0.0,0.0,0.0,0.0,0.0,0.0,0.0,1.0,0.0,0.0,4.0,5.0,0.0,0.0,1.0,0.0
P0167_0294,0.04504504504504504,0.0,0.036036036036036036,0.0,0.11333333333333333,0.0,0.02,0.006666666666666667,150.0,111.0,20.0,0.0,0.0,0.0,0.0,0.0,2.0,16.0,0.0,0.0,0.0,2.0,0.0,0.0,0.0,0.0,1.0,0.0,0.0,19.0,0.0,0.0,0.0,0.0,0.0,0.0,0.0,0.0,0.0,0.0,5.0,0.0,0.0,0.0,0.0,6.0,3.0,0.0,0.0,2.0,0.0
P0168_0099,0.046753246753246755,0.0025974025974025974,0.05974025974025974,0.0,0.1388888888888889,0.005555555555555556,0.005555555555555556,0.0,180.0,385.0,47.0,0.0,0.0,1.0,1.0,0.0,17.0,80.0,0.0,0.0,0.0,5.0,0.0,0.0,0.0,0.0,2.0,0.0,0.0,60.0,0.0,0.0,0.0,0.0,0.0,0.0,0.0,0.0,0.0,0.0,3.0,0.0,1.0,0.0,0.0,19.0,23.0,0.0,0.0,2.0,0.0
P0169_0295,0.07692307692307693,0.0,0.038461538461538464,0.0,0.07931034482758621,0.0034482758620689655,0.013793103448275862,0.0,290.0,78.0,10.0,0.0,0.0,0.0,0.0,0.0,0.0,17.0,0.0,0.0,0.0,0.0,0.0,0.0,0.0,0.0,1.0,0.0,0.0,9.0,0.0,0.0,0.0,0.0,0.0,0.0,0.0,0.0,0.0,0.0,2.0,0.0,0.0,0.0,0.0,3.0,6.0,0.0,0.0,0.0,0.0
P0170_0296,0.049079754601226995,0.0,0.018404907975460124,0.0,0.10714285714285714,0.0,0.005952380952380952,0.0,168.0,163.0,31.0,0.0,0.0,0.0,0.0,2.0,4.0,37.0,0.0,0.0,0.0,2.0,0.0,0.0,0.0,0.0,0.0,0.0,0.0,18.0,0.0,0.0,0.0,0.0,0.0,0.0,0.0,0.0,0.0,0.0,2.0,0.0,5.0,0.0,0.0,3.0,4.0,0.0,0.0,0.0,0.0
P0171_0297,0.036231884057971016,0.0,0.007246376811594203,0.0,0.12716763005780346,0.0,0.005780346820809248,0.0,173.0,138.0,15.0,0.0,0.0,1.0,0.0,2.0,1.0,33.0,0.0,0.0,0.0,2.0,0.0,0.0,0.0,0.0,0.0,0.0,0.0,12.0,0.0,0.0,0.0,0.0,0.0,0.0,0.0,0.0,0.0,0.0,0.0,0.0,1.0,0.0,0.0,11.0,7.0,0.0,0.0,1.0,0.0
P0173_0299,0.08415841584158416,0.0049504950495049506,0.0297029702970297,0.0,0.09090909090909091,0.0,0.0,0.0,110.0,202.0,28.0,0.0,1.0,1.0,0.0,0.0,3.0,47.0,0.0,0.0,0.0,0.0,0.0,0.0,0.0,0.0,0.0,0.0,0.0,34.0,0.0,0.0,0.0,0.0,0.0,0.0,0.0,0.0,0.0,0.0,3.0,0.0,3.0,0.0,0.0,9.0,3.0,0.0,0.0,8.0,0.0
P0176_0301,0.020833333333333332,0.0,0.010416666666666666,0.0,0.14285714285714285,0.0,0.0,0.0,91.0,96.0,14.0,0.0,0.0,1.0,0.0,0.0,7.0,18.0,0.0,1.0,0.0,0.0,0.0,0.0,0.0,0.0,0.0,0.0,0.0,16.0,0.0,0.0,0.0,0.0,0.0,0.0,0.0,0.0,0.0,0.0,2.0,0.0,0.0,0.0,0.0,3.0,4.0,0.0,0.0,1.0,0.0
P0180_0309,0.0375,0.0,0.03125,0.0,0.10526315789473684,0.007518796992481203,0.0,0.0,133.0,160.0,34.0,0.0,0.0,2.0,0.0,0.0,1.0,27.0,0.0,0.0,0.0,3.0,0.0,1.0,0.0,0.0,1.0,0.0,0.0,17.0,0.0,0.0,0.0,0.0,0.0,0.0,0.0,0.0,0.0,0.0,4.0,0.0,1.0,0.0,0.0,9.0,6.0,0.0,0.0,1.0,0.0
P0182_0310,0.03669724770642202,0.009174311926605505,0.0,0.0,0.09090909090909091,0.012987012987012988,0.0,0.0,154.0,109.0,16.0,0.0,1.0,0.0,0.0,1.0,1.0,20.0,0.0,0.0,0.0,1.0,0.0,0.0,0.0,0.0,0.0,0.0,0.0,19.0,0.0,0.0,0.0,0.0,0.0,0.0,0.0,0.0,0.0,0.0,0.0,0.0,1.0,0.0,0.0,4.0,4.0,0.0,0.0,3.0,0.0
P0187_0319,0.06611570247933884,0.008264462809917356,0.024793388429752067,0.004132231404958678,0.13836477987421383,0.0,0.006289308176100629,0.006289308176100629,159.0,242.0,36.0,0.0,3.0,2.0,0.0,3.0,7.0,39.0,0.0,0.0,0.0,5.0,0.0,0.0,0.0,0.0,1.0,0.0,0.0,45.0,0.0,0.0,0.0,0.0,0.0,0.0,0.0,0.0,0.0,0.0,8.0,0.0,1.0,0.0,0.0,11.0,5.0,0.0,0.0,3.0,0.0
P0189_0052,0.04830917874396135,0.004830917874396135,0.014492753623188406,0.0,0.11616161616161616,0.005050505050505051,0.005050505050505051,0.005050505050505051,198.0,207.0,30.0,0.0,0.0,6.0,0.0,6.0,4.0,45.0,0.0,0.0,0.0,5.0,0.0,0.0,0.0,0.0,0.0,0.0,0.0,24.0,0.0,0.0,0.0,0.0,0.0,0.0,0.0,0.0,0.0,0.0,3.0,1.0,1.0,0.0,0.0,11.0,5.0,0.0,0.0,4.0,0.0
P0192_0324,0.05813953488372093,0.005813953488372093,0.046511627906976744,0.0,0.09166666666666666,0.0,0.008333333333333333,0.0,240.0,172.0,25.0,0.0,0.0,0.0,0.0,2.0,4.0,27.0,0.0,0.0,0.0,1.0,0.0,0.0,0.0,0.0,0.0,0.0,0.0,28.0,0.0,0.0,0.0,0.0,0.0,0.0,0.0,0.0,0.0,0.0,6.0,0.0,0.0,0.0,0.0,3.0,12.0,0.0,0.0,3.0,0.0
P0193_0323,0.018518518518518517,0.0,0.018518518518518517,0.0,0.16083916083916083,0.006993006993006993,0.013986013986013986,0.0,143.0,54.0,12.0,0.0,0.0,0.0,0.0,0.0,1.0,12.0,0.0,0.0,0.0,0.0,0.0,0.0,0.0,0.0,0.0,0.0,0.0,9.0,0.0,0.0,0.0,0.0,0.0,0.0,0.0,0.0,0.0,0.0,0.0,0.0,1.0,0.0,0.0,1.0,4.0,0.0,0.0,0.0,0.0
P0195_0326,0.049429657794676805,0.0,0.030418250950570342,0.0,0.04591836734693878,0.00510204081632653,0.012755102040816327,0.0,392.0,263.0,22.0,0.0,0.0,2.0,0.0,4.0,8.0,50.0,0.0,0.0,0.0,2.0,0.0,0.0,0.0,0.0,2.0,0.0,0.0,56.0,0.0,0.0,0.0,0.0,0.0,0.0,0.0,0.0,0.0,0.0,9.0,0.0,0.0,0.0,0.0,12.0,10.0,0.0,0.0,1.0,0.0
P0197_0330,0.03409090909090909,0.0,0.0,0.0,0.1111111111111111,0.0,0.0,0.0,117.0,88.0,20.0,0.0,0.0,0.0,0.0,0.0,2.0,15.0,0.0,0.0,0.0,2.0,0.0,0.0,0.0,0.0,1.0,0.0,0.0,10.0,0.0,0.0,0.0,0.0,0.0,0.0,0.0,0.0,0.0,0.0,0.0,0.0,0.0,0.0,0.0,5.0,1.0,0.0,0.0,0.0,0.0
P0198_0328,0.04819277108433735,0.0,0.0,0.0,0.18292682926829268,0.0,0.0,0.0,82.0,83.0,18.0,0.0,0.0,1.0,0.0,0.0,2.0,17.0,0.0,0.0,0.0,1.0,0.0,0.0,0.0,0.0,0.0,0.0,0.0,7.0,0.0,0.0,0.0,0.0,0.0,0.0,0.0,0.0,0.0,0.0,5.0,0.0,1.0,0.0,0.0,3.0,3.0,0.0,0.0,1.0,0.0
P0200_0334,0.041176470588235294,0.0,0.011764705882352941,0.0,0.17117117117117117,0.0,0.0,0.0,111.0,170.0,16.0,0.0,0.0,0.0,0.0,0.0,3.0,46.0,0.0,1.0,0.0,2.0,0.0,0.0,0.0,0.0,1.0,0.0,0.0,20.0,0.0,0.0,0.0,0.0,0.0,0.0,0.0,0.0,0.0,0.0,6.0,0.0,8.0,0.0,0.0,14.0,5.0,0.0,0.0,1.0,0.0
P0201_0335,0.0379746835443038,0.006329113924050633,0.0,0.0,0.11560693641618497,-0.005780346820809248,0.011560693641618497,0.0,173.0,158.0,26.0,0.0,0.0,0.0,0.0,2.0,4.0,38.0,0.0,0.0,0.0,0.0,0.0,0.0,0.0,0.0,0.0,0.0,0.0,17.0,0.0,0.0,0.0,0.0,0.0,0.0,0.0,0.0,0.0,0.0,6.0,0.0,3.0,0.0,0.0,7.0,6.0,0.0,0.0,2.0,0.0
P0202_0336,0.07258064516129033,0.0,0.0,0.0,0.053763440860215055,0.0,0.014336917562724014,0.0,279.0,124.0,20.0,0.0,0.0,0.0,0.0,0.0,1.0,24.0,0.0,0.0,0.0,0.0,0.0,0.0,0.0,0.0,0.0,0.0,0.0,17.0,0.0,0.0,0.0,0.0,0.0,0.0,0.0,0.0,0.0,0.0,2.0,0.0,1.0,0.0,0.0,3.0,9.0,0.0,0.0,0.0,0.0
P0203_0339,0.025423728813559324,0.0,0.0,0.0,0.12790697674418605,0.0,0.0,0.0,86.0,118.0,20.0,0.0,0.0,6.0,0.0,2.0,2.0,24.0,0.0,0.0,0.0,2.0,0.0,0.0,0.0,0.0,1.0,0.0,0.0,12.0,0.0,0.0,0.0,0.0,0.0,0.0,0.0,0.0,0.0,0.0,1.0,0.0,1.0,0.0,0.0,4.0,7.0,0.0,0.0,0.0,0.0
P0205_0340,0.05649717514124294,0.005649717514124294,0.03389830508474576,0.0,0.10377358490566038,-0.009433962264150943,0.02830188679245283,0.0,106.0,177.0,14.0,0.0,0.0,3.0,0.0,5.0,1.0,34.0,0.0,0.0,0.0,1.0,1.0,0.0,0.0,0.0,0.0,0.0,1.0,37.0,0.0,0.0,0.0,0.0,0.0,0.0,0.0,0.0,0.0,0.0,1.0,0.0,3.0,0.0,0.0,11.0,5.0,0.0,0.0,0.0,0.0
P0207_0345,0.045454545454545456,0.0,0.017045454545454544,0.0,0.12941176470588237,0.0,0.03529411764705882,0.0,85.0,176.0,16.0,0.0,4.0,2.0,0.0,1.0,1.0,36.0,0.0,0.0,0.0,3.0,0.0,3.0,0.0,0.0,0.0,0.0,1.0,30.0,0.0,0.0,0.0,0.0,0.0,0.0,0.0,0.0,0.0,0.0,5.0,0.0,0.0,0.0,0.0,6.0,6.0,0.0,0.0,3.0,0.0
P0208_0344,0.046511627906976744,0.011627906976744186,0.011627906976744186,0.0,0.1111111111111111,0.010101010101010102,0.020202020202020204,0.0,99.0,86.0,16.0,0.0,1.0,0.0,0.0,0.0,5.0,13.0,0.0,0.0,0.0,1.0,0.0,4.0,0.0,0.0,0.0,0.0,0.0,6.0,0.0,0.0,0.0,0.0,0.0,0.0,0.0,0.0,0.0,0.0,3.0,0.0,0.0,0.0,0.0,2.0,4.0,0.0,0.0,0.0,0.0
P0210_0343,0.055900621118012424,0.0,0.012422360248447204,0.0,0.14736842105263157,0.0,0.0,0.0,95.0,161.0,23.0,0.0,0.0,0.0,0.0,0.0,8.0,30.0,0.0,1.0,0.0,2.0,0.0,0.0,0.0,0.0,1.0,0.0,0.0,27.0,0.0,0.0,0.0,0.0,0.0,0.0,0.0,0.0,0.0,0.0,6.0,0.0,0.0,0.0,0.0,4.0,5.0,0.0,0.0,0.0,0.0
P0211_0348,0.04072398190045249,-0.004524886877828055,0.013574660633484163,0.004524886877828055,0.1069182389937107,0.0,0.025157232704402517,0.018867924528301886,159.0,221.0,29.0,0.0,0.0,0.0,0.0,1.0,10.0,44.0,0.0,0.0,0.0,3.0,0.0,0.0,0.0,0.0,0.0,0.0,0.0,37.0,0.0,0.0,0.0,0.0,0.0,0.0,0.0,0.0,0.0,0.0,3.0,0.0,1.0,0.0,0.0,13.0,8.0,0.0,0.0,2.0,0.0
P0213_0347,0.10650887573964497,0.005917159763313609,0.01775147928994083,0.0,0.1794871794871795,0.0,0.0,0.0,117.0,169.0,33.0,0.0,0.0,3.0,0.0,1.0,5.0,29.0,0.0,0.0,0.0,0.0,0.0,0.0,0.0,0.0,0.0,0.0,0.0,21.0,0.0,0.0,0.0,0.0,0.0,0.0,0.0,0.0,0.0,0.0,0.0,0.0,0.0,0.0,0.0,8.0,8.0,0.0,0.0,1.0,0.0
P0215_0351,0.09183673469387756,0.0,0.04081632653061224,0.0,0.05138339920948617,0.0,0.03162055335968379,0.0,253.0,98.0,7.0,0.0,0.0,0.0,0.0,0.0,2.0,20.0,0.0,0.0,0.0,1.0,0.0,0.0,0.0,0.0,0.0,0.0,0.0,18.0,0.0,0.0,0.0,0.0,0.0,0.0,0.0,0.0,0.0,0.0,2.0,0.0,0.0,0.0,0.0,3.0,8.0,0.0,0.0,0.0,0.0
P0217_0080,0.1984126984126984,0.007936507936507936,0.07142857142857142,0.0,0.051470588235294115,0.0,0.003676470588235294,0.0,272.0,126.0,8.0,0.0,0.0,2.0,0.0,0.0,5.0,14.0,0.0,0.0,0.0,0.0,0.0,0.0,0.0,0.0,0.0,0.0,0.0,13.0,0.0,0.0,0.0,0.0,0.0,0.0,0.0,0.0,0.0,0.0,6.0,0.0,1.0,0.0,0.0,4.0,3.0,0.0,0.0,0.0,0.0
P0218_0355,0.06557377049180328,0.0,0.00819672131147541,0.0,0.13846153846153847,-0.007692307692307693,0.015384615384615385,0.0,130.0,122.0,20.0,0.0,0.0,2.0,0.0,2.0,4.0,27.0,0.0,0.0,0.0,2.0,0.0,0.0,0.0,0.0,0.0,0.0,0.0,13.0,0.0,0.0,0.0,0.0,0.0,0.0,0.0,0.0,0.0,0.0,1.0,0.0,1.0,0.0,0.0,8.0,2.0,0.0,0.0,1.0,0.0
P0219_0101,0.06578947368421052,0.0,0.013157894736842105,0.0,0.07647058823529412,0.0,0.0058823529411764705,0.0,170.0,76.0,12.0,0.0,1.0,0.0,0.0,0.0,3.0,10.0,0.0,0.0,0.0,0.0,0.0,0.0,0.0,0.0,0.0,0.0,0.0,9.0,0.0,0.0,0.0,0.0,0.0,0.0,0.0,0.0,0.0,0.0,2.0,0.0,0.0,0.0,0.0,3.0,3.0,0.0,0.0,0.0,0.0
P0222_0361,0.040229885057471264,0.011494252873563218,0.005747126436781609,0.0,0.19607843137254902,0.0,0.0,0.0,102.0,174.0,27.0,0.0,0.0,1.0,0.0,2.0,4.0,29.0,0.0,0.0,0.0,4.0,0.0,1.0,0.0,0.0,1.0,0.0,0.0,21.0,0.0,0.0,0.0,0.0,0.0,0.0,0.0,0.0,0.0,0.0,14.0,0.0,2.0,0.0,0.0,11.0,4.0,0.0,0.0,5.0,0.0
P0224_0364,0.041666666666666664,-0.010416666666666666,0.03125,0.0,0.10576923076923077,0.0,0.019230769230769232,0.009615384615384616,104.0,96.0,16.0,0.0,0.0,0.0,0.0,0.0,1.0,12.0,0.0,0.0,0.0,1.0,0.0,0.0,0.0,0.0,0.0,0.0,0.0,15.0,0.0,0.0,0.0,0.0,0.0,0.0,0.0,0.0,0.0,0.0,3.0,0.0,1.0,0.0,0.0,2.0,5.0,0.0,0.0,0.0,0.0
P0225_0365,0.04678362573099415,0.0,0.04093567251461988,0.0,0.18181818181818182,0.0,0.012987012987012988,0.0,77.0,171.0,23.0,0.0,0.0,2.0,0.0,6.0,0.0,24.0,0.0,1.0,0.0,3.0,0.0,0.0,0.0,0.0,1.0,0.0,0.0,29.0,0.0,0.0,0.0,0.0,0.0,0.0,0.0,0.0,0.0,0.0,0.0,0.0,0.0,0.0,0.0,18.0,7.0,0.0,0.0,5.0,0.0
P0229_0375,0.0,0.0,0.0,0.0,0.2,0.0,0.0,0.0,90.0,54.0,17.0,0.0,0.0,0.0,0.0,0.0,0.0,12.0,0.0,0.0,0.0,0.0,0.0,0.0,0.0,0.0,0.0,0.0,0.0,1.0,0.0,0.0,0.0,0.0,0.0,0.0,0.0,0.0,0.0,0.0,0.0,0.0,1.0,0.0,0.0,2.0,0.0,0.0,0.0,0.0,0.0
P0232_0098,0.029850746268656716,0.0,0.029850746268656716,0.0,0.1956521739130435,0.0,0.010869565217391304,0.0,92.0,201.0,30.0,0.0,0.0,0.0,0.0,1.0,8.0,46.0,0.0,0.0,0.0,1.0,0.0,0.0,0.0,0.0,0.0,0.0,0.0,28.0,0.0,0.0,0.0,0.0,0.0,0.0,0.0,0.0,0.0,0.0,6.0,0.0,2.0,0.0,0.0,13.0,5.0,0.0,0.0,5.0,0.0
P0238_0384,0.045871559633027525,0.01834862385321101,0.0,0.0,0.14393939393939395,-0.007575757575757576,0.030303030303030304,0.0,132.0,109.0,18.0,0.0,1.0,0.0,0.0,2.0,2.0,20.0,0.0,0.0,0.0,0.0,0.0,0.0,0.0,0.0,1.0,0.0,0.0,11.0,0.0,0.0,0.0,0.0,0.0,0.0,0.0,0.0,0.0,0.0,2.0,0.0,0.0,0.0,0.0,4.0,5.0,0.0,0.0,1.0,0.0
P0242_0388,0.08,0.0,0.0,0.0,0.1588785046728972,0.0,0.0,0.0,107.0,100.0,14.0,0.0,0.0,1.0,0.0,0.0,4.0,10.0,0.0,0.0,0.0,1.0,0.0,0.0,0.0,0.0,0.0,0.0,0.0,13.0,0.0,0.0,0.0,0.0,0.0,0.0,0.0,0.0,0.0,0.0,5.0,0.0,1.0,0.0,0.0,3.0,2.0,0.0,0.0,0.0,0.0
P0246_0394,0.0851063829787234,0.0,0.010638297872340425,0.0,0.14772727272727273,0.0,0.011363636363636364,0.0,88.0,94.0,25.0,0.0,0.0,0.0,0.0,0.0,3.0,18.0,0.0,0.0,0.0,1.0,0.0,0.0,0.0,0.0,0.0,0.0,0.0,6.0,0.0,0.0,0.0,0.0,0.0,0.0,0.0,0.0,0.0,0.0,6.0,0.0,0.0,0.0,0.0,2.0,4.0,0.0,0.0,0.0,0.0
P0250_0398,0.05813953488372093,0.0,0.04263565891472868,0.0,0.12658227848101267,0.004219409282700422,0.02531645569620253,0.0,237.0,258.0,38.0,0.0,0.0,1.0,0.0,0.0,7.0,49.0,0.0,0.0,0.0,5.0,0.0,2.0,0.0,0.0,1.0,0.0,0.0,42.0,0.0,0.0,0.0,0.0,0.0,0.0,0.0,0.0,0.0,0.0,5.0,0.0,1.0,0.0,0.0,11.0,12.0,0.0,0.0,1.0,0.0
P0251_0401,0.029585798816568046,0.005917159763313609,0.005917159763313609,0.0,0.16993464052287582,0.006535947712418301,0.006535947712418301,0.0,153.0,169.0,39.0,0.0,2.0,1.0,0.0,3.0,4.0,31.0,0.0,1.0,0.0,0.0,0.0,0.0,0.0,0.0,0.0,0.0,0.0,11.0,0.0,0.0,0.0,0.0,0.0,0.0,0.0,0.0,0.0,0.0,2.0,0.0,1.0,0.0,0.0,6.0,6.0,0.0,0.0,2.0,0.0
P0256_0408,0.08808290155440414,0.0051813471502590676,0.015544041450777202,0.0,0.08490566037735849,0.0023584905660377358,0.009433962264150943,0.0,424.0,193.0,22.0,0.0,0.0,2.0,0.0,0.0,4.0,30.0,0.0,0.0,0.0,4.0,0.0,0.0,0.0,0.0,1.0,0.0,0.0,14.0,0.0,0.0,0.0,0.0,0.0,0.0,0.0,0.0,0.0,0.0,17.0,0.0,2.0,0.0,0.0,6.0,15.0,0.0,0.0,1.0,0.0
P0257_0412,0.06666666666666667,0.0,0.0,0.0,0.09795918367346938,0.004081632653061225,0.004081632653061225,0.0,245.0,60.0,8.0,0.0,0.0,0.0,0.0,0.0,1.0,8.0,0.0,0.0,0.0,0.0,0.0,0.0,0.0,0.0,1.0,0.0,0.0,10.0,0.0,0.0,0.0,0.0,0.0,0.0,0.0,0.0,0.0,0.0,1.0,0.0,0.0,0.0,0.0,6.0,2.0,0.0,0.0,0.0,0.0
P0258_0411,0.037267080745341616,0.012422360248447204,0.0,0.0,0.27205882352941174,0.0,0.0,0.0,136.0,161.0,34.0,0.0,0.0,3.0,0.0,2.0,6.0,38.0,0.0,0.0,0.0,1.0,0.0,0.0,0.0,0.0,0.0,0.0,0.0,14.0,0.0,0.0,0.0,0.0,0.0,0.0,0.0,0.0,0.0,0.0,6.0,0.0,1.0,0.0,0.0,6.0,8.0,0.0,0.0,1.0,0.0
P0260_0047,0.09090909090909091,0.006993006993006993,0.03496503496503497,0.0,0.22033898305084745,0.0,0.00847457627118644,0.0,118.0,143.0,22.0,0.0,1.0,1.0,0.0,0.0,2.0,24.0,0.0,0.0,0.0,1.0,0.0,0.0,0.0,0.0,4.0,0.0,0.0,19.0,0.0,0.0,0.0,0.0,0.0,0.0,0.0,0.0,0.0,0.0,0.0,0.0,2.0,0.0,0.0,5.0,5.0,0.0,0.0,3.0,0.0
P0262_0416,0.036585365853658534,0.012195121951219513,0.012195121951219513,0.0,0.15730337078651685,0.0,0.011235955056179775,0.02247191011235955,89.0,82.0,22.0,0.0,2.0,0.0,0.0,0.0,0.0,6.0,0.0,1.0,0.0,3.0,0.0,0.0,0.0,0.0,0.0,0.0,0.0,8.0,0.0,0.0,0.0,0.0,0.0,0.0,0.0,0.0,0.0,0.0,6.0,0.0,2.0,0.0,0.0,0.0,2.0,0.0,0.0,1.0,0.0
P0265_0419,0.0673076923076923,0.009615384615384616,0.038461538461538464,0.0,0.16923076923076924,0.0,0.0,0.0,65.0,104.0,16.0,0.0,0.0,0.0,0.0,1.0,4.0,20.0,0.0,0.0,0.0,0.0,0.0,0.0,0.0,0.0,0.0,0.0,0.0,18.0,0.0,0.0,0.0,0.0,0.0,0.0,0.0,0.0,0.0,0.0,1.0,0.0,1.0,0.0,0.0,4.0,9.0,0.0,0.0,1.0,0.0
P0268_0421,0.011494252873563218,0.0,0.022988505747126436,0.0,0.1794871794871795,0.0,0.01282051282051282,0.0,78.0,87.0,26.0,0.0,0.0,1.0,0.0,1.0,1.0,20.0,0.0,0.0,0.0,0.0,0.0,0.0,0.0,0.0,1.0,0.0,0.0,5.0,0.0,0.0,0.0,0.0,0.0,0.0,0.0,0.0,0.0,0.0,1.0,0.0,1.0,0.0,0.0,4.0,3.0,0.0,0.0,0.0,0.0
P0270_0425,0.03314917127071823,0.0,0.0055248618784530384,0.0,0.1592920353982301,0.0,0.0,0.0,113.0,181.0,29.0,0.0,1.0,2.0,0.0,0.0,5.0,30.0,0.0,0.0,0.0,5.0,0.0,0.0,0.0,0.0,0.0,0.0,0.0,20.0,0.0,0.0,0.0,0.0,0.0,0.0,0.0,0.0,0.0,0.0,5.0,2.0,1.0,0.0,0.0,18.0,6.0,0.0,0.0,0.0,0.0
P0274_0427,0.03414634146341464,0.004878048780487805,0.0,0.004878048780487805,0.10616438356164383,0.0,0.0273972602739726,0.0,292.0,205.0,18.0,0.0,0.0,0.0,0.0,3.0,6.0,47.0,0.0,0.0,0.0,4.0,0.0,0.0,0.0,0.0,0.0,0.0,0.0,39.0,0.0,0.0,0.0,0.0,0.0,0.0,0.0,0.0,0.0,0.0,3.0,0.0,4.0,0.0,0.0,8.0,3.0,0.0,0.0,1.0,0.0
P0276_0431,0.09615384615384616,0.0,0.019230769230769232,0.0,0.12121212121212122,0.0,0.010101010101010102,0.0,198.0,104.0,22.0,0.0,0.0,0.0,0.0,0.0,6.0,15.0,0.0,1.0,0.0,0.0,0.0,0.0,0.0,0.0,0.0,0.0,0.0,11.0,0.0,0.0,0.0,0.0,0.0,0.0,0.0,0.0,0.0,0.0,2.0,0.0,1.0,0.0,0.0,1.0,3.0,0.0,0.0,1.0,0.0
P0279_0441,0.039473684210526314,0.0,0.0,0.0,0.08,0.0,0.014545454545454545,0.0,275.0,76.0,16.0,0.0,2.0,0.0,0.0,1.0,3.0,13.0,0.0,0.0,0.0,0.0,0.0,0.0,0.0,0.0,0.0,0.0,0.0,11.0,0.0,0.0,0.0,0.0,0.0,0.0,0.0,0.0,0.0,0.0,3.0,0.0,2.0,0.0,0.0,1.0,3.0,0.0,0.0,0.0,0.0
P0282_0443,0.015384615384615385,0.0,0.010256410256410256,0.0,0.18518518518518517,0.0,0.0,0.0,108.0,195.0,43.0,0.0,1.0,1.0,0.0,5.0,6.0,42.0,0.0,0.0,0.0,3.0,1.0,0.0,0.0,0.0,1.0,0.0,0.0,24.0,0.0,0.0,0.0,0.0,0.0,0.0,0.0,0.0,0.0,0.0,3.0,0.0,5.0,0.0,0.0,5.0,6.0,0.0,0.0,2.0,0.0
P0285_0449,0.03614457831325301,0.0,0.006024096385542169,0.0,0.13679245283018868,0.0,0.009433962264150943,0.0,212.0,166.0,26.0,0.0,0.0,0.0,0.0,0.0,5.0,25.0,0.0,0.0,0.0,2.0,0.0,0.0,0.0,0.0,0.0,0.0,0.0,27.0,0.0,0.0,0.0,0.0,0.0,0.0,0.0,0.0,0.0,0.0,2.0,0.0,1.0,0.0,0.0,6.0,4.0,0.0,0.0,4.0,0.0
P0288_0451,0.055944055944055944,0.0,0.02097902097902098,0.0,0.15306122448979592,0.0,0.0,0.0,98.0,143.0,25.0,0.0,1.0,1.0,0.0,0.0,8.0,31.0,0.0,1.0,0.0,1.0,0.0,0.0,0.0,0.0,0.0,0.0,0.0,21.0,0.0,0.0,0.0,0.0,0.0,0.0,0.0,0.0,0.0,0.0,2.0,0.0,0.0,0.0,0.0,4.0,2.0,0.0,0.0,0.0,0.0
P0291_0176,0.0,0.0,0.02,0.0,0.0945945945945946,0.0,0.013513513513513514,0.0,74.0,50.0,13.0,0.0,0.0,1.0,0.0,0.0,0.0,7.0,0.0,0.0,0.0,0.0,0.0,0.0,0.0,0.0,0.0,0.0,0.0,6.0,0.0,0.0,0.0,0.0,0.0,0.0,0.0,0.0,0.0,0.0,1.0,0.0,1.0,0.0,0.0,3.0,2.0,0.0,0.0,0.0,0.0
P0292_0454,0.08441558441558442,0.0,0.012987012987012988,0.0,0.12274368231046931,0.0,0.010830324909747292,0.0,277.0,154.0,27.0,0.0,0.0,0.0,0.0,0.0,5.0,28.0,0.0,0.0,0.0,0.0,0.0,0.0,0.0,0.0,0.0,0.0,0.0,13.0,0.0,0.0,0.0,0.0,0.0,0.0,0.0,0.0,0.0,0.0,7.0,0.0,2.0,0.0,0.0,4.0,7.0,0.0,0.0,1.0,0.0
P0295_0457,0.11504424778761062,0.0,0.017699115044247787,0.0,0.20652173913043478,0.0,0.010869565217391304,0.0,92.0,113.0,18.0,0.0,0.0,1.0,0.0,3.0,3.0,17.0,0.0,0.0,0.0,1.0,0.0,1.0,0.0,0.0,0.0,0.0,0.0,15.0,0.0,0.0,0.0,0.0,0.0,0.0,0.0,0.0,0.0,0.0,5.0,0.0,0.0,0.0,0.0,8.0,4.0,0.0,0.0,0.0,0.0
P0297_0460,0.09558823529411764,0.007352941176470588,0.0661764705882353,0.0,0.21428571428571427,0.0,0.0,0.0,126.0,136.0,21.0,0.0,0.0,0.0,0.0,1.0,3.0,23.0,0.0,0.0,0.0,2.0,0.0,0.0,0.0,0.0,0.0,0.0,0.0,22.0,0.0,0.0,0.0,0.0,0.0,0.0,0.0,0.0,0.0,0.0,12.0,0.0,2.0,0.0,0.0,0.0,4.0,0.0,0.0,0.0,0.0
P0303_0470,0.03614457831325301,0.0,0.012048192771084338,0.0,0.14953271028037382,0.0,0.0,0.0,107.0,166.0,18.0,0.0,0.0,1.0,0.0,0.0,6.0,35.0,0.0,1.0,0.0,2.0,0.0,0.0,0.0,0.0,2.0,0.0,0.0,20.0,0.0,0.0,0.0,0.0,0.0,0.0,0.0,0.0,0.0,0.0,4.0,0.0,0.0,0.0,0.0,8.0,6.0,0.0,0.0,2.0,0.0
P0305_0472,0.05,0.0,0.0125,0.0,0.13559322033898305,0.0,0.0,0.0,118.0,160.0,35.0,0.0,0.0,0.0,0.0,0.0,8.0,17.0,0.0,1.0,0.0,1.0,1.0,0.0,0.0,0.0,0.0,0.0,0.0,17.0,0.0,0.0,0.0,0.0,0.0,0.0,0.0,0.0,0.0,0.0,5.0,0.0,3.0,0.0,0.0,14.0,3.0,0.0,0.0,1.0,0.0
P0308_0475,0.027777777777777776,0.0,0.009259259259259259,0.0,0.09027777777777778,0.0,0.006944444444444444,0.0,144.0,108.0,18.0,0.0,2.0,0.0,0.0,1.0,6.0,16.0,0.0,0.0,0.0,2.0,0.0,0.0,0.0,0.0,0.0,0.0,0.0,10.0,0.0,0.0,0.0,0.0,0.0,0.0,0.0,0.0,0.0,0.0,5.0,0.0,2.0,0.0,0.0,7.0,5.0,0.0,0.0,0.0,0.0
P0309_0478,0.055900621118012424,0.006211180124223602,0.006211180124223602,0.0,0.12749003984063745,0.0,0.01195219123505976,0.0,251.0,161.0,40.0,0.0,2.0,0.0,0.0,0.0,1.0,30.0,0.0,0.0,0.0,0.0,0.0,0.0,0.0,0.0,0.0,0.0,0.0,32.0,0.0,0.0,0.0,0.0,0.0,0.0,0.0,0.0,0.0,0.0,3.0,0.0,1.0,0.0,0.0,3.0,2.0,0.0,0.0,0.0,0.0
P0313_0486,0.033112582781456956,0.006622516556291391,0.046357615894039736,0.0,0.18518518518518517,0.0,0.0,0.0,54.0,151.0,28.0,0.0,0.0,1.0,0.0,0.0,4.0,30.0,0.0,0.0,0.0,1.0,0.0,0.0,0.0,0.0,0.0,0.0,0.0,16.0,0.0,0.0,0.0,0.0,0.0,0.0,0.0,0.0,0.0,0.0,3.0,0.0,4.0,0.0,0.0,1.0,8.0,0.0,0.0,2.0,0.0
P0318_0492,0.020202020202020204,0.0,0.010101010101010102,0.0,0.16017316017316016,0.0,0.004329004329004329,0.0,231.0,198.0,31.0,0.0,0.0,1.0,0.0,3.0,6.0,31.0,0.0,0.0,0.0,3.0,0.0,1.0,0.0,0.0,0.0,0.0,0.0,41.0,0.0,0.0,0.0,0.0,0.0,0.0,0.0,0.0,0.0,0.0,4.0,0.0,1.0,0.0,0.0,5.0,6.0,0.0,0.0,1.0,0.0
P0322_0504,0.035398230088495575,0.0,0.008849557522123894,0.0,0.19021739130434784,0.0,0.005434782608695652,0.0,184.0,226.0,36.0,0.0,3.0,1.0,0.0,0.0,7.0,39.0,0.0,1.0,0.0,8.0,0.0,0.0,0.0,0.0,1.0,0.0,0.0,37.0,0.0,0.0,0.0,0.0,0.0,0.0,0.0,0.0,0.0,0.0,2.0,1.0,3.0,0.0,0.0,10.0,12.0,0.0,0.0,1.0,0.0
P0323_0503,0.06854838709677419,0.0,0.008064516129032258,0.0,0.15966386554621848,0.0,0.01680672268907563,0.0,238.0,248.0,41.0,0.0,0.0,2.0,0.0,1.0,12.0,41.0,0.0,0.0,0.0,1.0,0.0,1.0,0.0,0.0,0.0,0.0,0.0,24.0,0.0,0.0,0.0,0.0,0.0,0.0,0.0,0.0,0.0,0.0,14.0,0.0,2.0,0.0,0.0,5.0,10.0,0.0,0.0,2.0,0.0
P0326_0506,0.029069767441860465,0.0,0.01744186046511628,0.0,0.11981566820276497,0.0,0.02304147465437788,0.0,217.0,172.0,20.0,0.0,3.0,1.0,0.0,0.0,8.0,35.0,0.0,0.0,0.0,0.0,0.0,0.0,0.0,0.0,1.0,0.0,0.0,23.0,0.0,0.0,0.0,0.0,0.0,0.0,0.0,0.0,0.0,0.0,1.0,0.0,2.0,0.0,0.0,10.0,7.0,0.0,0.0,1.0,0.0
P0330_0514,0.09482758620689655,0.0,0.017241379310344827,0.0,0.1092436974789916,0.0,0.008403361344537815,0.0,119.0,116.0,23.0,0.0,2.0,0.0,0.0,2.0,3.0,17.0,0.0,0.0,0.0,1.0,0.0,0.0,0.0,0.0,0.0,0.0,0.0,8.0,0.0,0.0,0.0,0.0,0.0,0.0,0.0,0.0,0.0,0.0,5.0,0.0,1.0,0.0,0.0,6.0,5.0,0.0,0.0,0.0,0.0
P0331_0518,0.05357142857142857,0.0,0.023809523809523808,0.0,0.14,0.0,0.01,0.0,200.0,168.0,41.0,0.0,0.0,0.0,0.0,1.0,3.0,15.0,0.0,0.0,0.0,1.0,0.0,0.0,0.0,0.0,0.0,0.0,0.0,21.0,0.0,0.0,0.0,0.0,0.0,0.0,0.0,0.0,0.0,0.0,7.0,0.0,1.0,0.0,0.0,6.0,5.0,0.0,0.0,3.0,0.0
P0333_0523,0.029850746268656716,0.0,0.014925373134328358,0.0,0.15789473684210525,0.0,0.006578947368421052,0.0,152.0,201.0,39.0,0.0,0.0,0.0,0.0,1.0,10.0,42.0,0.0,0.0,0.0,5.0,0.0,0.0,0.0,0.0,0.0,0.0,0.0,18.0,0.0,0.0,0.0,0.0,0.0,0.0,0.0,0.0,0.0,0.0,8.0,0.0,2.0,0.0,0.0,13.0,7.0,0.0,0.0,2.0,0.0
P0334_0525,0.017391304347826087,0.0,0.017391304347826087,0.0,0.19008264462809918,0.0,0.0,0.0,121.0,230.0,44.0,0.0,1.0,2.0,0.0,3.0,11.0,42.0,0.0,1.0,0.0,3.0,0.0,0.0,0.0,0.0,1.0,0.0,0.0,23.0,0.0,0.0,0.0,0.0,0.0,0.0,0.0,0.0,0.0,0.0,14.0,0.0,5.0,0.0,0.0,15.0,7.0,0.0,0.0,0.0,0.0
P0337_0529,0.1286549707602339,0.0,0.029239766081871343,0.0,0.09722222222222222,0.002777777777777778,0.008333333333333333,0.0,360.0,171.0,29.0,0.0,1.0,0.0,0.0,0.0,5.0,26.0,0.0,0.0,0.0,1.0,0.0,0.0,0.0,0.0,0.0,0.0,0.0,22.0,0.0,0.0,0.0,0.0,0.0,0.0,0.0,0.0,0.0,0.0,1.0,0.0,1.0,0.0,0.0,2.0,8.0,0.0,0.0,0.0,0.0
P0341_0534,0.06557377049180328,0.0,0.02185792349726776,0.0,0.08305647840531562,0.0,0.006644518272425249,0.0,301.0,183.0,34.0,0.0,0.0,0.0,0.0,0.0,7.0,38.0,0.0,0.0,0.0,0.0,0.0,0.0,0.0,0.0,1.0,0.0,0.0,22.0,0.0,0.0,0.0,0.0,0.0,0.0,0.0,0.0,0.0,0.0,9.0,0.0,2.0,0.0,0.0,3.0,7.0,0.0,0.0,0.0,0.0
P0343_0536,0.04201680672268908,0.0,0.012605042016806723,0.0,0.1951219512195122,0.0,0.0,0.0,82.0,238.0,35.0,0.0,0.0,2.0,0.0,1.0,9.0,54.0,0.0,0.0,0.0,2.0,0.0,0.0,0.0,0.0,1.0,0.0,1.0,35.0,0.0,0.0,0.0,0.0,0.0,0.0,0.0,0.0,0.0,0.0,7.0,0.0,0.0,0.0,0.0,17.0,7.0,0.0,0.0,11.0,0.0
P0351_0549,0.044444444444444446,0.0,0.0,0.0,0.06341463414634146,0.0,0.0,0.0,205.0,45.0,6.0,0.0,2.0,0.0,0.0,0.0,2.0,8.0,0.0,0.0,0.0,0.0,0.0,0.0,0.0,0.0,0.0,0.0,0.0,6.0,0.0,0.0,0.0,0.0,0.0,0.0,0.0,0.0,0.0,0.0,0.0,0.0,0.0,0.0,0.0,2.0,1.0,0.0,0.0,1.0,0.0
P0353_0552,0.04081632653061224,0.0,0.0663265306122449,0.0,0.2125984251968504,0.007874015748031496,0.0,0.0,127.0,196.0,24.0,0.0,0.0,4.0,0.0,0.0,2.0,38.0,0.0,0.0,0.0,4.0,0.0,0.0,0.0,0.0,0.0,0.0,0.0,37.0,0.0,0.0,0.0,0.0,0.0,0.0,0.0,0.0,0.0,0.0,3.0,0.0,0.0,0.0,0.0,8.0,5.0,0.0,0.0,0.0,0.0
P0355_0553,0.024752475247524754,0.0,0.024752475247524754,0.0,0.168141592920354,0.0,0.004424778761061947,0.0,226.0,202.0,31.0,0.0,0.0,2.0,0.0,2.0,8.0,36.0,0.0,0.0,0.0,0.0,0.0,0.0,0.0,0.0,0.0,0.0,0.0,34.0,0.0,0.0,0.0,0.0,0.0,0.0,0.0,0.0,0.0,0.0,7.0,0.0,4.0,0.0,0.0,8.0,5.0,0.0,0.0,1.0,0.0
P0357_0558,0.02888086642599278,0.0,0.0,0.0,0.1524390243902439,0.0,0.0,0.0,164.0,277.0,46.0,0.0,0.0,3.0,0.0,3.0,4.0,49.0,0.0,1.0,0.0,2.0,0.0,0.0,0.0,0.0,1.0,0.0,0.0,40.0,0.0,0.0,0.0,0.0,0.0,0.0,0.0,0.0,0.0,0.0,8.0,0.0,1.0,0.0,0.0,25.0,5.0,0.0,0.0,3.0,0.0
P0358_0556,0.02962962962962963,0.003703703703703704,0.044444444444444446,0.0,0.07368421052631578,0.0035087719298245615,0.0035087719298245615,0.0,285.0,270.0,36.0,0.0,0.0,0.0,0.0,2.0,7.0,63.0,0.0,0.0,0.0,2.0,0.0,0.0,0.0,0.0,2.0,0.0,1.0,57.0,0.0,0.0,0.0,0.0,0.0,0.0,0.0,0.0,0.0,0.0,6.0,0.0,10.0,0.0,0.0,5.0,6.0,0.0,0.0,0.0,0.0
P0366_0567,0.12260536398467432,-0.0038314176245210726,0.03065134099616858,0.0,0.09945750452079566,0.0018083182640144665,0.0108499095840868,0.0,553.0,261.0,35.0,0.0,1.0,0.0,0.0,0.0,7.0,37.0,0.0,0.0,0.0,1.0,0.0,1.0,0.0,0.0,0.0,0.0,2.0,33.0,0.0,0.0,0.0,0.0,0.0,0.0,0.0,0.0,0.0,0.0,7.0,0.0,2.0,0.0,0.0,8.0,1.0,0.0,0.0,3.0,0.0
P0367_0568,0.022556390977443608,0.0,0.0,0.0,0.10655737704918032,0.0,0.00819672131147541,0.0,122.0,133.0,24.0,0.0,0.0,0.0,0.0,0.0,8.0,21.0,0.0,0.0,0.0,0.0,0.0,0.0,0.0,0.0,2.0,0.0,0.0,15.0,0.0,0.0,0.0,0.0,0.0,0.0,0.0,0.0,0.0,0.0,2.0,0.0,0.0,0.0,0.0,5.0,10.0,0.0,0.0,3.0,0.0
P0369_0570,0.03592814371257485,-0.005988023952095809,0.03592814371257485,0.0,0.07894736842105263,0.0,0.011278195488721804,0.0,266.0,167.0,27.0,0.0,0.0,1.0,0.0,0.0,6.0,28.0,0.0,0.0,0.0,3.0,0.0,1.0,0.0,0.0,0.0,0.0,0.0,21.0,0.0,0.0,0.0,0.0,0.0,0.0,0.0,0.0,0.0,0.0,7.0,0.0,0.0,0.0,0.0,6.0,9.0,0.0,0.0,0.0,0.0
P0370_0569,0.007936507936507936,0.0,0.007936507936507936,0.0,0.17117117117117117,0.0,0.0,0.0,111.0,126.0,25.0,0.0,0.0,0.0,0.0,1.0,7.0,28.0,0.0,0.0,0.0,1.0,0.0,0.0,0.0,0.0,0.0,0.0,0.0,11.0,0.0,0.0,0.0,0.0,0.0,0.0,0.0,0.0,0.0,0.0,3.0,0.0,1.0,0.0,0.0,6.0,9.0,0.0,0.0,2.0,0.0
P0372_0572,0.05555555555555555,0.0,0.013888888888888888,0.0,0.2,0.0,0.011764705882352941,0.0,85.0,144.0,30.0,0.0,0.0,0.0,0.0,1.0,6.0,28.0,0.0,0.0,0.0,1.0,0.0,0.0,0.0,0.0,0.0,0.0,0.0,16.0,0.0,0.0,0.0,0.0,0.0,0.0,0.0,0.0,0.0,0.0,4.0,0.0,3.0,0.0,0.0,3.0,5.0,0.0,0.0,2.0,0.0
P0375_0573,0.037267080745341616,0.0,0.024844720496894408,0.0,0.22448979591836735,0.0,0.0,0.0,98.0,161.0,29.0,0.0,0.0,0.0,0.0,2.0,8.0,30.0,0.0,0.0,0.0,2.0,0.0,0.0,0.0,0.0,0.0,0.0,0.0,17.0,0.0,0.0,0.0,0.0,0.0,0.0,0.0,0.0,0.0,0.0,4.0,0.0,2.0,0.0,0.0,6.0,8.0,0.0,0.0,2.0,0.0
P0376_0574,0.011904761904761904,0.0,0.023809523809523808,0.0,0.061068702290076333,0.0,0.013740458015267175,0.0,655.0,168.0,35.0,0.0,0.0,0.0,0.0,1.0,2.0,18.0,0.0,0.0,0.0,1.0,0.0,0.0,0.0,0.0,0.0,0.0,0.0,14.0,0.0,0.0,0.0,0.0,0.0,0.0,0.0,0.0,0.0,0.0,3.0,0.0,0.0,0.0,0.0,7.0,20.0,0.0,0.0,0.0,0.0
P0377_0580,0.18487394957983194,0.0,0.01680672268907563,0.0,0.07909604519774012,0.005649717514124294,0.00847457627118644,0.0,354.0,119.0,19.0,0.0,0.0,0.0,0.0,0.0,2.0,13.0,0.0,0.0,0.0,0.0,0.0,0.0,0.0,0.0,0.0,0.0,0.0,10.0,0.0,0.0,0.0,0.0,0.0,0.0,0.0,0.0,0.0,0.0,1.0,0.0,0.0,0.0,0.0,0.0,6.0,0.0,0.0,1.0,0.0
P0379_0579,0.22171945701357465,0.0,0.00904977375565611,0.0,0.05935251798561151,0.0,0.014388489208633094,0.0,556.0,221.0,17.0,0.0,0.0,0.0,0.0,1.0,3.0,30.0,0.0,0.0,0.0,2.0,0.0,0.0,0.0,0.0,0.0,0.0,0.0,26.0,0.0,0.0,0.0,0.0,0.0,0.0,0.0,0.0,0.0,0.0,1.0,0.0,2.0,0.0,0.0,9.0,2.0,0.0,0.0,0.0,0.0
P0382_0583,0.031746031746031744,0.005291005291005291,-0.005291005291005291,0.0,0.1736842105263158,0.0,0.005263157894736842,0.0,190.0,189.0,35.0,0.0,1.0,0.0,0.0,1.0,12.0,35.0,0.0,0.0,0.0,0.0,0.0,0.0,0.0,0.0,1.0,0.0,0.0,16.0,0.0,0.0,0.0,0.0,0.0,0.0,0.0,0.0,0.0,0.0,8.0,0.0,2.0,0.0,0.0,6.0,11.0,0.0,0.0,3.0,0.0
P0388_0593,0.09523809523809523,0.0,0.0,0.0,0.08679245283018867,0.0,0.0037735849056603774,0.0,265.0,105.0,20.0,0.0,0.0,2.0,0.0,0.0,3.0,17.0,0.0,0.0,0.0,2.0,0.0,0.0,0.0,0.0,1.0,0.0,0.0,11.0,0.0,0.0,0.0,0.0,0.0,0.0,0.0,0.0,0.0,0.0,0.0,0.0,0.0,0.0,0.0,3.0,4.0,0.0,0.0,0.0,0.0
P0389_0594,0.028985507246376812,0.0,0.007246376811594203,0.0,0.2074074074074074,0.0,0.007407407407407408,0.0,135.0,138.0,22.0,0.0,1.0,2.0,0.0,2.0,6.0,31.0,0.0,0.0,0.0,4.0,0.0,0.0,0.0,0.0,1.0,0.0,0.0,18.0,0.0,0.0,0.0,0.0,0.0,0.0,0.0,0.0,0.0,0.0,8.0,0.0,3.0,0.0,0.0,6.0,3.0,0.0,0.0,1.0,0.0
P0390_0595,0.06882591093117409,0.004048582995951417,0.004048582995951417,0.0,0.13989637305699482,0.0,0.0,0.0,193.0,247.0,41.0,0.0,1.0,1.0,0.0,0.0,9.0,45.0,0.0,0.0,0.0,2.0,0.0,0.0,0.0,0.0,0.0,0.0,0.0,25.0,0.0,0.0,0.0,0.0,0.0,0.0,0.0,0.0,0.0,0.0,6.0,0.0,6.0,0.0,0.0,8.0,6.0,0.0,0.0,4.0,0.0
P0392_0599,0.03608247422680412,-0.010309278350515464,0.030927835051546393,0.0,0.20168067226890757,0.0,0.008403361344537815,0.0,119.0,194.0,25.0,0.0,0.0,3.0,0.0,1.0,15.0,39.0,0.0,1.0,0.0,6.0,0.0,0.0,0.0,0.0,0.0,0.0,0.0,18.0,0.0,0.0,0.0,0.0,0.0,0.0,0.0,0.0,0.0,0.0,6.0,0.0,3.0,0.0,0.0,7.0,2.0,0.0,0.0,4.0,0.0
P0393_0600,0.05759162303664921,0.0,0.03664921465968586,0.0,0.13777777777777778,0.0,0.013333333333333334,0.0,225.0,191.0,31.0,0.0,0.0,0.0,0.0,0.0,8.0,46.0,0.0,0.0,0.0,1.0,0.0,0.0,0.0,0.0,0.0,0.0,0.0,36.0,0.0,0.0,0.0,0.0,0.0,0.0,0.0,0.0,0.0,0.0,3.0,0.0,3.0,0.0,0.0,8.0,7.0,0.0,0.0,2.0,0.0
P0395_0602,0.02857142857142857,0.0,0.02857142857142857,0.0,0.18181818181818182,0.0,0.0,0.0,99.0,140.0,36.0,0.0,0.0,0.0,0.0,0.0,9.0,23.0,0.0,0.0,0.0,5.0,0.0,0.0,0.0,0.0,0.0,0.0,0.0,14.0,0.0,0.0,0.0,0.0,0.0,0.0,0.0,0.0,0.0,0.0,3.0,0.0,2.0,0.0,0.0,1.0,10.0,0.0,0.0,6.0,0.0
P0396_0601,0.042105263157894736,0.0,0.015789473684210527,0.0,0.15555555555555556,0.0,0.007407407407407408,0.0,135.0,190.0,26.0,0.0,1.0,1.0,0.0,0.0,9.0,33.0,0.0,0.0,0.0,0.0,0.0,1.0,0.0,0.0,1.0,0.0,0.0,27.0,0.0,0.0,0.0,0.0,0.0,0.0,0.0,0.0,0.0,0.0,4.0,0.0,3.0,0.0,0.0,6.0,6.0,0.0,0.0,2.0,0.0
P0397_0603,0.09090909090909091,0.0,0.012987012987012988,0.0,0.0466786355475763,0.0,0.01436265709156194,0.0,557.0,77.0,11.0,0.0,0.0,0.0,0.0,0.0,1.0,7.0,0.0,0.0,0.0,2.0,0.0,3.0,0.0,0.0,0.0,0.0,0.0,4.0,0.0,0.0,0.0,0.0,0.0,0.0,0.0,0.0,0.0,0.0,0.0,0.0,0.0,0.0,0.0,2.0,6.0,0.0,0.0,1.0,0.0
P0398_0605,0.04294478527607362,-0.006134969325153374,0.06748466257668712,0.0,0.09114583333333333,0.0,0.0078125,0.0,384.0,163.0,30.0,0.0,0.0,1.0,0.0,7.0,1.0,38.0,0.0,0.0,0.0,0.0,0.0,0.0,0.0,0.0,0.0,0.0,0.0,22.0,0.0,0.0,0.0,0.0,0.0,0.0,0.0,0.0,0.0,0.0,2.0,0.0,2.0,0.0,0.0,5.0,4.0,0.0,0.0,0.0,0.0
